cycle,branch,race,forecastdate,version,Democrat_WinProbability,Republican_WinProbability,category,Democrat_Won,Republican_Won,uncalled
2018,Governor,AK-G1,11/6/18,classic,.31095999,.68904001,Lean R,0,1,0
2018,Governor,AL-G1,11/6/18,classic,.01692,.98308003,Safe R,0,1,0
2018,Governor,AR-G1,11/6/18,classic,.00062000001,.99937999,Safe R,0,1,0
2018,Governor,AZ-G1,11/6/18,classic,.0128,.98720002,Safe R,0,1,0
2018,Governor,CA-G1,11/6/18,classic,.98794001,.01206,Solid D,1,0,0
2018,Governor,CO-G1,11/6/18,classic,.9497,.050299998,Likely D,1,0,0
2018,Governor,CT-G1,11/6/18,classic,.78996003,.21004,Likely D,1,0,0
2018,Governor,FL-G1,11/6/18,classic,.77215999,.22784001,Likely D,0,1,0
2018,Governor,GA-G1,11/6/18,classic,.3224,.67760003,Lean R,0,1,0
2018,Governor,HI-G1,11/6/18,classic,.99853998,.0014600001,Solid D,1,0,0
2018,Governor,IA-G1,11/6/18,classic,.57315999,.42684001,Tossup (Tilt D),0,1,0
2018,Governor,ID-G1,11/6/18,classic,.0174,.98259997,Safe R,0,1,0
2018,Governor,IL-G1,11/6/18,classic,.83969998,.1603,Likely D,1,0,0
2018,Governor,KS-G1,11/6/18,classic,.42814001,.57151997,Tossup (Tilt R),1,0,0
2018,Governor,MA-G1,11/6/18,classic,.00079999998,.99919999,Safe R,0,1,0
2018,Governor,MD-G1,11/6/18,classic,.0073199999,.99268001,Safe R,0,1,0
2018,Governor,ME-G1,11/6/18,classic,.94651997,.053479999,Likely D,1,0,0
2018,Governor,MI-G1,11/6/18,classic,.93129998,.068700001,Likely D,1,0,0
2018,Governor,MN-G1,11/6/18,classic,.93074,.069260001,Likely D,1,0,0
2018,Governor,NE-G1,11/6/18,classic,.00942,.99058002,Safe R,0,1,0
2018,Governor,NH-G1,11/6/18,classic,.13988,.86012,Likely R,0,1,0
2018,Governor,NM-G1,11/6/18,classic,.94032001,.05968,Likely D,1,0,0
2018,Governor,NV-G1,11/6/18,classic,.51521999,.48478001,Tossup (Tilt D),1,0,0
2018,Governor,NY-G1,11/6/18,classic,.99265999,.00734,Solid D,1,0,0
2018,Governor,OH-G1,11/6/18,classic,.59491998,.40507999,Tossup (Tilt D),0,1,0
2018,Governor,OK-G1,11/6/18,classic,.14308,.85692,Likely R,0,1,0
2018,Governor,OR-G1,11/6/18,classic,.82336003,.17664,Likely D,1,0,0
2018,Governor,PA-G1,11/6/18,classic,.99048001,.0095199998,Solid D,1,0,0
2018,Governor,RI-G1,11/6/18,classic,.97869998,.021299999,Solid D,1,0,0
2018,Governor,SC-G1,11/6/18,classic,.02558,.97442001,Safe R,0,1,0
2018,Governor,SD-G1,11/6/18,classic,.36921999,.63077998,Lean R,0,1,0
2018,Governor,TN-G1,11/6/18,classic,.023360001,.97663999,Safe R,0,1,0
2018,Governor,TX-G1,11/6/18,classic,.0047800001,.99522001,Safe R,0,1,0
2018,Governor,VT-G1,11/6/18,classic,.06098,.93901998,Likely R,0,1,0
2018,Governor,WI-G1,11/6/18,classic,.59653997,.40346,Tossup (Tilt D),1,0,0
2018,Governor,WY-G1,11/6/18,classic,.0011,.9989,Safe R,0,1,0
2018,House,AK-1,11/6/18,classic,.3475,.65249997,Lean R,0,1,0
2018,House,AL-1,11/6/18,classic,.00044,.99956,Safe R,0,1,0
2018,House,AL-2,11/6/18,classic,.022539999,.97746003,Safe R,0,1,0
2018,House,AL-3,11/6/18,classic,.0018,.9982,Safe R,0,1,0
2018,House,AL-4,11/6/18,classic,0,1,Safe R,0,1,0
2018,House,AL-5,11/6/18,classic,.00106,.99893999,Safe R,0,1,0
2018,House,AL-6,11/6/18,classic,.000079999998,.99992001,Safe R,0,1,0
2018,House,AL-7,11/6/18,classic,1,0,Solid D,1,0,0
2018,House,AR-1,11/6/18,classic,.00039999999,.99959999,Safe R,0,1,0
2018,House,AR-2,11/6/18,classic,.13928001,.86071998,Likely R,0,1,0
2018,House,AR-3,11/6/18,classic,.00068,.99931997,Safe R,0,1,0
2018,House,AR-4,11/6/18,classic,.00031999999,.99967998,Safe R,0,1,0
2018,House,AZ-1,11/6/18,classic,.89223999,.10776,Likely D,1,0,0
2018,House,AZ-2,11/6/18,classic,.96737999,.032620002,Solid D,1,0,0
2018,House,AZ-3,11/6/18,classic,.99992001,.000079999998,Solid D,1,0,0
2018,House,AZ-4,11/6/18,classic,.00028000001,.99971998,Safe R,0,1,0
2018,House,AZ-5,11/6/18,classic,.00085999997,.99914002,Safe R,0,1,0
2018,House,AZ-6,11/6/18,classic,.092160001,.90784001,Likely R,0,1,0
2018,House,AZ-7,11/6/18,classic,.99997997,.000019999999,Solid D,1,0,0
2018,House,AZ-8,11/6/18,classic,.22824,.77175999,Likely R,0,1,0
2018,House,AZ-9,11/6/18,classic,.99572003,.00428,Solid D,1,0,0
2018,House,CA-1,11/6/18,classic,.21362001,.78637999,Likely R,0,1,0
2018,House,CA-10,11/6/18,classic,.7748,.2252,Likely D,1,0,0
2018,House,CA-11,11/6/18,classic,1,0,Solid D,1,0,0
2018,House,CA-12,11/6/18,classic,1,0,Solid D,1,0,0
2018,House,CA-13,11/6/18,classic,.99997997,.000019999999,Solid D,1,0,0
2018,House,CA-14,11/6/18,classic,1,0,Solid D,1,0,0
2018,House,CA-15,11/6/18,classic,1,0,Solid D,1,0,0
2018,House,CA-16,11/6/18,classic,.98181999,.01818,Solid D,1,0,0
2018,House,CA-17,11/6/18,classic,1,0,Solid D,1,0,0
2018,House,CA-18,11/6/18,classic,1,0,Solid D,1,0,0
2018,House,CA-19,11/6/18,classic,1,0,Solid D,1,0,0
2018,House,CA-2,11/6/18,classic,1,0,Solid D,1,0,0
2018,House,CA-20,11/6/18,classic,.99988002,.00012,Solid D,1,0,0
2018,House,CA-21,11/6/18,classic,.2102,.78979999,Likely R,1,0,1
2018,House,CA-22,11/6/18,classic,.045960002,.95403999,Safe R,0,1,0
2018,House,CA-23,11/6/18,classic,.00063999998,.99936002,Safe R,0,1,0
2018,House,CA-24,11/6/18,classic,.98526001,.01474,Solid D,1,0,0
2018,House,CA-25,11/6/18,classic,.63661999,.36338001,Lean D,1,0,0
2018,House,CA-26,11/6/18,classic,.99985999,.00014,Solid D,1,0,0
2018,House,CA-27,11/6/18,classic,1,0,Solid D,1,0,0
2018,House,CA-28,11/6/18,classic,1,0,Solid D,1,0,0
2018,House,CA-29,11/6/18,classic,1,0,Solid D,1,0,0
2018,House,CA-3,11/6/18,classic,.99966002,.00034,Solid D,1,0,0
2018,House,CA-30,11/6/18,classic,1,0,Solid D,1,0,0
2018,House,CA-31,11/6/18,classic,.99886,.0011399999,Solid D,1,0,0
2018,House,CA-32,11/6/18,classic,1,0,Solid D,1,0,0
2018,House,CA-33,11/6/18,classic,1,0,Solid D,1,0,0
2018,House,CA-34,11/6/18,classic,.99993998,.000059999998,Solid D,1,0,0
2018,House,CA-35,11/6/18,classic,.99996001,.000039999999,Solid D,1,0,0
2018,House,CA-36,11/6/18,classic,.99809998,.0019,Solid D,1,0,0
2018,House,CA-37,11/6/18,classic,1,0,Solid D,1,0,0
2018,House,CA-38,11/6/18,classic,.99997997,.000019999999,Solid D,1,0,0
2018,House,CA-39,11/6/18,classic,.58230001,.41769999,Tossup (Tilt D),1,0,0
2018,House,CA-4,11/6/18,classic,.15448,.84552002,Likely R,0,1,0
2018,House,CA-40,11/6/18,classic,.99981999,.00018,Solid D,1,0,0
2018,House,CA-41,11/6/18,classic,.99985999,.00014,Solid D,1,0,0
2018,House,CA-42,11/6/18,classic,.02314,.97685999,Safe R,0,1,0
2018,House,CA-43,11/6/18,classic,1,0,Solid D,1,0,0
2018,House,CA-44,11/6/18,classic,1,0,Solid D,1,0,0
2018,House,CA-45,11/6/18,classic,.63200003,.368,Lean D,1,0,0
2018,House,CA-46,11/6/18,classic,1,0,Solid D,1,0,0
2018,House,CA-47,11/6/18,classic,.99989998,.000099999997,Solid D,1,0,0
2018,House,CA-48,11/6/18,classic,.56573999,.43426001,Tossup (Tilt D),1,0,0
2018,House,CA-49,11/6/18,classic,.95999998,.039999999,Solid D,1,0,0
2018,House,CA-5,11/6/18,classic,.99989998,.000099999997,Solid D,1,0,0
2018,House,CA-50,11/6/18,classic,.22188,.77811998,Likely R,0,1,0
2018,House,CA-51,11/6/18,classic,1,0,Solid D,1,0,0
2018,House,CA-52,11/6/18,classic,.99949998,.00050000002,Solid D,1,0,0
2018,House,CA-53,11/6/18,classic,.99993998,.000059999998,Solid D,1,0,0
2018,House,CA-6,11/6/18,classic,1,0,Solid D,1,0,0
2018,House,CA-7,11/6/18,classic,.99501997,.0049800002,Solid D,1,0,0
2018,House,CA-8,11/6/18,classic,0,1,Safe R,0,1,0
2018,House,CA-9,11/6/18,classic,.99944001,.00056000001,Solid D,1,0,0
2018,House,CO-1,11/6/18,classic,1,0,Solid D,1,0,0
2018,House,CO-2,11/6/18,classic,.99948001,.00052,Solid D,1,0,0
2018,House,CO-3,11/6/18,classic,.19786,.80214,Likely R,0,1,0
2018,House,CO-4,11/6/18,classic,.041639999,.95836002,Safe R,0,1,0
2018,House,CO-5,11/6/18,classic,.022159999,.97784001,Safe R,0,1,0
2018,House,CO-6,11/6/18,classic,.88753998,.11246,Likely D,1,0,0
2018,House,CO-7,11/6/18,classic,.99934,.00066000002,Solid D,1,0,0
2018,House,CT-1,11/6/18,classic,.99989998,.000099999997,Solid D,1,0,0
2018,House,CT-2,11/6/18,classic,.99975997,.00023999999,Solid D,1,0,0
2018,House,CT-3,11/6/18,classic,.99992001,.000079999998,Solid D,1,0,0
2018,House,CT-4,11/6/18,classic,.99981999,.00018,Solid D,1,0,0
2018,House,CT-5,11/6/18,classic,.97482002,.025180001,Solid D,1,0,0
2018,House,DE-1,11/6/18,classic,.99776,.0022400001,Solid D,1,0,0
2018,House,FL-1,11/6/18,classic,.000019999999,.99997997,Safe R,0,1,0
2018,House,FL-10,11/6/18,classic,1,0,Solid D,1,0,0
2018,House,FL-11,11/6/18,classic,.00038000001,.99962002,Safe R,0,1,0
2018,House,FL-12,11/6/18,classic,.0046999999,.99529999,Safe R,0,1,0
2018,House,FL-13,11/6/18,classic,.99849999,.0015,Solid D,1,0,0
2018,House,FL-14,11/6/18,classic,1,0,Solid D,1,0,0
2018,House,FL-15,11/6/18,classic,.42084,.57915998,Tossup (Tilt R),0,1,0
2018,House,FL-16,11/6/18,classic,.14139999,.85860002,Likely R,0,1,0
2018,House,FL-17,11/6/18,classic,.00132,.99868,Safe R,0,1,0
2018,House,FL-18,11/6/18,classic,.0867,.91329998,Likely R,0,1,0
2018,House,FL-19,11/6/18,classic,.0090800002,.99092001,Safe R,0,1,0
2018,House,FL-2,11/6/18,classic,.00022,.99978,Safe R,0,1,0
2018,House,FL-20,11/6/18,classic,1,0,Solid D,1,0,0
2018,House,FL-21,11/6/18,classic,1,0,Solid D,1,0,0
2018,House,FL-22,11/6/18,classic,.99962002,.00038000001,Solid D,1,0,0
2018,House,FL-23,11/6/18,classic,.99974,.00026,Solid D,1,0,0
2018,House,FL-24,11/6/18,classic,1,0,Solid D,1,0,0
2018,House,FL-25,11/6/18,classic,.27827999,.72171998,Lean R,0,1,0
2018,House,FL-26,11/6/18,classic,.55849999,.44150001,Tossup (Tilt D),1,0,0
2018,House,FL-27,11/6/18,classic,.84824002,.15176,Likely D,1,0,0
2018,House,FL-3,11/6/18,classic,.0131,.98689997,Safe R,0,1,0
2018,House,FL-4,11/6/18,classic,.000079999998,.99992001,Safe R,0,1,0
2018,House,FL-5,11/6/18,classic,.99997997,.000019999999,Solid D,1,0,0
2018,House,FL-6,11/6/18,classic,.26653999,.73346001,Lean R,0,1,0
2018,House,FL-7,11/6/18,classic,.94852,.051479999,Likely D,1,0,0
2018,House,FL-8,11/6/18,classic,.0074800001,.99251997,Safe R,0,1,0
2018,House,FL-9,11/6/18,classic,.98531997,.01468,Solid D,1,0,0
2018,House,GA-1,11/6/18,classic,.00144,.99856001,Safe R,0,1,0
2018,House,GA-10,11/6/18,classic,.000039999999,.99996001,Safe R,0,1,0
2018,House,GA-11,11/6/18,classic,.00016,.99984002,Safe R,0,1,0
2018,House,GA-12,11/6/18,classic,.01248,.98751998,Safe R,0,1,0
2018,House,GA-13,11/6/18,classic,.99997997,.000019999999,Solid D,1,0,0
2018,House,GA-14,11/6/18,classic,0,1,Safe R,0,1,0
2018,House,GA-2,11/6/18,classic,.99985999,.00014,Solid D,1,0,0
2018,House,GA-3,11/6/18,classic,.000079999998,.99992001,Safe R,0,1,0
2018,House,GA-4,11/6/18,classic,.99997997,.000019999999,Solid D,1,0,0
2018,House,GA-5,11/6/18,classic,1,0,Solid D,1,0,0
2018,House,GA-6,11/6/18,classic,.49142,.50858003,Tossup (Tilt R),1,0,0
2018,House,GA-7,11/6/18,classic,.16351999,.83648002,Likely R,0,1,0
2018,House,GA-8,11/6/18,classic,0,1,Safe R,0,1,0
2018,House,GA-9,11/6/18,classic,0,1,Safe R,0,1,0
2018,House,HI-1,11/6/18,classic,.99996001,.000039999999,Solid D,1,0,0
2018,House,HI-2,11/6/18,classic,1,0,Solid D,1,0,0
2018,House,IA-1,11/6/18,classic,.95529997,.0447,Solid D,1,0,0
2018,House,IA-2,11/6/18,classic,.98809999,.0119,Solid D,1,0,0
2018,House,IA-3,11/6/18,classic,.70248002,.29752001,Lean D,1,0,0
2018,House,IA-4,11/6/18,classic,.14334001,.85666001,Likely R,0,1,0
2018,House,ID-1,11/6/18,classic,.0059600002,.99404001,Safe R,0,1,0
2018,House,ID-2,11/6/18,classic,.00068,.99931997,Safe R,0,1,0
2018,House,IL-1,11/6/18,classic,1,0,Solid D,1,0,0
2018,House,IL-10,11/6/18,classic,.99981999,.00018,Solid D,1,0,0
2018,House,IL-11,11/6/18,classic,.99988002,.00012,Solid D,1,0,0
2018,House,IL-12,11/6/18,classic,.28222001,.71777999,Lean R,0,1,0
2018,House,IL-13,11/6/18,classic,.28378001,.71622002,Lean R,0,1,0
2018,House,IL-14,11/6/18,classic,.69436002,.30564001,Lean D,1,0,0
2018,House,IL-15,11/6/18,classic,.000079999998,.99992001,Safe R,0,1,0
2018,House,IL-16,11/6/18,classic,.0090800002,.99092001,Safe R,0,1,0
2018,House,IL-17,11/6/18,classic,.99980003,.00019999999,Solid D,1,0,0
2018,House,IL-18,11/6/18,classic,.00012,.99988002,Safe R,0,1,0
2018,House,IL-2,11/6/18,classic,1,0,Solid D,1,0,0
2018,House,IL-3,11/6/18,classic,.99993998,.000059999998,Solid D,1,0,0
2018,House,IL-4,11/6/18,classic,1,0,Solid D,1,0,0
2018,House,IL-5,11/6/18,classic,1,0,Solid D,1,0,0
2018,House,IL-6,11/6/18,classic,.48602,.51397997,Tossup (Tilt R),1,0,0
2018,House,IL-7,11/6/18,classic,1,0,Solid D,1,0,0
2018,House,IL-8,11/6/18,classic,.99988002,.00012,Solid D,1,0,0
2018,House,IL-9,11/6/18,classic,.99997997,.000019999999,Solid D,1,0,0
2018,House,IN-1,11/6/18,classic,.99997997,.000019999999,Solid D,1,0,0
2018,House,IN-2,11/6/18,classic,.039239999,.96076,Safe R,0,1,0
2018,House,IN-3,11/6/18,classic,.0024000001,.99760002,Safe R,0,1,0
2018,House,IN-4,11/6/18,classic,.00134,.99866003,Safe R,0,1,0
2018,House,IN-5,11/6/18,classic,.03616,.96384001,Safe R,0,1,0
2018,House,IN-6,11/6/18,classic,.00046000001,.99953997,Safe R,0,1,0
2018,House,IN-7,11/6/18,classic,1,0,Solid D,1,0,0
2018,House,IN-8,11/6/18,classic,.00324,.99676001,Safe R,0,1,0
2018,House,IN-9,11/6/18,classic,.16684,.83315998,Likely R,0,1,0
2018,House,KS-1,11/6/18,classic,.00126,.99874002,Safe R,0,1,0
2018,House,KS-2,11/6/18,classic,.61754,.38246,Lean D,0,1,0
2018,House,KS-3,11/6/18,classic,.84994,.15006,Likely D,1,0,0
2018,House,KS-4,11/6/18,classic,.00648,.99352002,Safe R,0,1,0
2018,House,KY-1,11/6/18,classic,.000039999999,.99996001,Safe R,0,1,0
2018,House,KY-2,11/6/18,classic,.00066000002,.99934,Safe R,0,1,0
2018,House,KY-3,11/6/18,classic,.99875998,.00124,Solid D,1,0,0
2018,House,KY-4,11/6/18,classic,.00046000001,.99953997,Safe R,0,1,0
2018,House,KY-5,11/6/18,classic,0,1,Safe R,0,1,0
2018,House,KY-6,11/6/18,classic,.45743999,.54255998,Tossup (Tilt R),0,1,0
2018,House,LA-1,11/6/18,classic,0,1,Safe R,0,1,0
2018,House,LA-2,11/6/18,classic,1,0,Solid D,1,0,0
2018,House,LA-3,11/6/18,classic,.00039999999,.99959999,Safe R,0,1,0
2018,House,LA-4,11/6/18,classic,.00057999999,.99941999,Safe R,0,1,0
2018,House,LA-5,11/6/18,classic,.00022,.99978,Safe R,0,1,0
2018,House,LA-6,11/6/18,classic,.000059999998,.99993998,Safe R,0,1,0
2018,House,MA-1,11/6/18,classic,1,0,Solid D,1,0,0
2018,House,MA-2,11/6/18,classic,1,0,Solid D,1,0,0
2018,House,MA-3,11/6/18,classic,.99958003,.00042,Solid D,1,0,0
2018,House,MA-4,11/6/18,classic,1,0,Solid D,1,0,0
2018,House,MA-5,11/6/18,classic,1,0,Solid D,1,0,0
2018,House,MA-6,11/6/18,classic,.99996001,.000039999999,Solid D,1,0,0
2018,House,MA-7,11/6/18,classic,1,0,Solid D,1,0,0
2018,House,MA-8,11/6/18,classic,1,0,Solid D,1,0,0
2018,House,MA-9,11/6/18,classic,.99738002,.0026199999,Solid D,1,0,0
2018,House,MD-1,11/6/18,classic,.0091000004,.99089998,Safe R,0,1,0
2018,House,MD-2,11/6/18,classic,.99993998,.000059999998,Solid D,1,0,0
2018,House,MD-3,11/6/18,classic,.99996001,.000039999999,Solid D,1,0,0
2018,House,MD-4,11/6/18,classic,1,0,Solid D,1,0,0
2018,House,MD-5,11/6/18,classic,.99997997,.000019999999,Solid D,1,0,0
2018,House,MD-6,11/6/18,classic,.99419999,.0057999999,Solid D,1,0,0
2018,House,MD-7,11/6/18,classic,1,0,Solid D,1,0,0
2018,House,MD-8,11/6/18,classic,1,0,Solid D,1,0,0
2018,House,ME-1,11/6/18,classic,.99944001,.00056000001,Solid D,1,0,0
2018,House,ME-2,11/6/18,classic,.63422,.36578,Lean D,1,0,0
2018,House,MI-1,11/6/18,classic,.075300001,.92470002,Likely R,0,1,0
2018,House,MI-10,11/6/18,classic,.00106,.99893999,Safe R,0,1,0
2018,House,MI-11,11/6/18,classic,.79229999,.2077,Likely D,1,0,0
2018,House,MI-12,11/6/18,classic,1,0,Solid D,1,0,0
2018,House,MI-13,11/6/18,classic,1,0,Solid D,1,0,0
2018,House,MI-14,11/6/18,classic,1,0,Solid D,1,0,0
2018,House,MI-2,11/6/18,classic,.06168,.93831998,Likely R,0,1,0
2018,House,MI-3,11/6/18,classic,.019200001,.98079997,Safe R,0,1,0
2018,House,MI-4,11/6/18,classic,.0017199999,.99827999,Safe R,0,1,0
2018,House,MI-5,11/6/18,classic,.99975997,.00023999999,Solid D,1,0,0
2018,House,MI-6,11/6/18,classic,.22482,.77517998,Likely R,0,1,0
2018,House,MI-7,11/6/18,classic,.41494,.58506,Tossup (Tilt R),0,1,0
2018,House,MI-8,11/6/18,classic,.66898,.33102,Lean D,1,0,0
2018,House,MI-9,11/6/18,classic,.99643999,.0035600001,Solid D,1,0,0
2018,House,MN-1,11/6/18,classic,.55831999,.44168001,Tossup (Tilt D),0,1,0
2018,House,MN-2,11/6/18,classic,.86404002,.13596,Likely D,1,0,0
2018,House,MN-3,11/6/18,classic,.84921998,.15075999,Likely D,1,0,0
2018,House,MN-4,11/6/18,classic,.99996001,.000039999999,Solid D,1,0,0
2018,House,MN-5,11/6/18,classic,1,0,Solid D,1,0,0
2018,House,MN-6,11/6/18,classic,.00104,.99896002,Safe R,0,1,0
2018,House,MN-7,11/6/18,classic,.93393999,.066059999,Likely D,1,0,0
2018,House,MN-8,11/6/18,classic,.19322,.80677998,Likely R,0,1,0
2018,House,MO-1,11/6/18,classic,1,0,Solid D,1,0,0
2018,House,MO-2,11/6/18,classic,.16237999,.83762002,Likely R,0,1,0
2018,House,MO-3,11/6/18,classic,.000019999999,.99997997,Safe R,0,1,0
2018,House,MO-4,11/6/18,classic,.00046000001,.99953997,Safe R,0,1,0
2018,House,MO-5,11/6/18,classic,.99927998,.00072000001,Solid D,1,0,0
2018,House,MO-6,11/6/18,classic,.00023999999,.99975997,Safe R,0,1,0
2018,House,MO-7,11/6/18,classic,.000019999999,.99997997,Safe R,0,1,0
2018,House,MO-8,11/6/18,classic,.000039999999,.99996001,Safe R,0,1,0
2018,House,MS-1,11/6/18,classic,.00060000003,.99940002,Safe R,0,1,0
2018,House,MS-2,11/6/18,classic,1,0,Solid D,1,0,0
2018,House,MS-3,11/6/18,classic,.0035999999,.9964,Safe R,0,1,0
2018,House,MS-4,11/6/18,classic,.0048600002,.99514002,Safe R,0,1,0
2018,House,MT-1,11/6/18,classic,.24448,.75551999,Likely R,0,1,0
2018,House,NC-1,11/6/18,classic,1,0,Solid D,1,0,0
2018,House,NC-10,11/6/18,classic,.00202,.99798,Safe R,0,1,0
2018,House,NC-11,11/6/18,classic,.00284,.99716002,Safe R,0,1,0
2018,House,NC-12,11/6/18,classic,1,0,Solid D,1,0,0
2018,House,NC-13,11/6/18,classic,.38688001,.61312002,Lean R,0,1,0
2018,House,NC-2,11/6/18,classic,.15254,.84745997,Likely R,0,1,0
2018,House,NC-3,11/6/18,classic,0,1,Safe R,0,1,0
2018,House,NC-4,11/6/18,classic,.99997997,.000019999999,Solid D,1,0,0
2018,House,NC-5,11/6/18,classic,.03822,.96178001,Safe R,0,1,0
2018,House,NC-6,11/6/18,classic,.13410001,.86589998,Likely R,0,1,0
2018,House,NC-7,11/6/18,classic,.18684,.81316,Likely R,0,1,0
2018,House,NC-8,11/6/18,classic,.12352,.87647998,Likely R,0,1,0
2018,House,NC-9,11/6/18,classic,.47608,.52392,Tossup (Tilt R),0,1,1
2018,House,ND-1,11/6/18,classic,.00154,.99845999,Safe R,0,1,0
2018,House,NE-1,11/6/18,classic,.0024999999,.9975,Safe R,0,1,0
2018,House,NE-2,11/6/18,classic,.41944,.58056003,Tossup (Tilt R),0,1,0
2018,House,NE-3,11/6/18,classic,.000039999999,.99996001,Safe R,0,1,0
2018,House,NH-1,11/6/18,classic,.89209998,.1079,Likely D,1,0,0
2018,House,NH-2,11/6/18,classic,.99633998,.0036599999,Solid D,1,0,0
2018,House,NJ-1,11/6/18,classic,.99996001,.000039999999,Solid D,1,0,0
2018,House,NJ-10,11/6/18,classic,1,0,Solid D,1,0,0
2018,House,NJ-11,11/6/18,classic,.85364002,.14636,Likely D,1,0,0
2018,House,NJ-12,11/6/18,classic,1,0,Solid D,1,0,0
2018,House,NJ-2,11/6/18,classic,.97994,.020059999,Solid D,1,0,0
2018,House,NJ-3,11/6/18,classic,.54856002,.45144001,Tossup (Tilt D),1,0,0
2018,House,NJ-4,11/6/18,classic,.069239996,.93076003,Likely R,0,1,0
2018,House,NJ-5,11/6/18,classic,.98563999,.01436,Solid D,1,0,0
2018,House,NJ-6,11/6/18,classic,.99989998,.000099999997,Solid D,1,0,0
2018,House,NJ-7,11/6/18,classic,.78252,.21748,Likely D,1,0,0
2018,House,NJ-8,11/6/18,classic,1,0,Solid D,1,0,0
2018,House,NJ-9,11/6/18,classic,.99996001,.000039999999,Solid D,1,0,0
2018,House,NM-1,11/6/18,classic,.98005998,.01994,Solid D,1,0,0
2018,House,NM-2,11/6/18,classic,.44413999,.55585998,Tossup (Tilt R),1,0,0
2018,House,NM-3,11/6/18,classic,.99958003,.00042,Solid D,1,0,0
2018,House,NV-1,11/6/18,classic,1,0,Solid D,1,0,0
2018,House,NV-2,11/6/18,classic,.00242,.99757999,Safe R,0,1,0
2018,House,NV-3,11/6/18,classic,.88396001,.11604,Likely D,1,0,0
2018,House,NV-4,11/6/18,classic,.87716001,.12284,Likely D,1,0,0
2018,House,NY-1,11/6/18,classic,.065459996,.93453997,Likely R,0,1,0
2018,House,NY-10,11/6/18,classic,1,0,Solid D,1,0,0
2018,House,NY-11,11/6/18,classic,.23656,.76344001,Likely R,1,0,0
2018,House,NY-12,11/6/18,classic,1,0,Solid D,1,0,0
2018,House,NY-13,11/6/18,classic,1,0,Solid D,1,0,0
2018,House,NY-14,11/6/18,classic,1,0,Solid D,1,0,0
2018,House,NY-15,11/6/18,classic,1,0,Solid D,1,0,0
2018,House,NY-16,11/6/18,classic,1,0,Solid D,1,0,0
2018,House,NY-17,11/6/18,classic,.99993998,.000059999998,Solid D,1,0,0
2018,House,NY-18,11/6/18,classic,.99147999,.0085199997,Solid D,1,0,0
2018,House,NY-19,11/6/18,classic,.61166,.38834,Lean D,1,0,0
2018,House,NY-2,11/6/18,classic,.27732,.72267997,Lean R,0,1,0
2018,House,NY-20,11/6/18,classic,.99989998,.000099999997,Solid D,1,0,0
2018,House,NY-21,11/6/18,classic,.10676,.89323997,Likely R,0,1,0
2018,House,NY-22,11/6/18,classic,.5223,.4777,Tossup (Tilt D),1,0,0
2018,House,NY-23,11/6/18,classic,.16708,.83292001,Likely R,0,1,0
2018,House,NY-24,11/6/18,classic,.17966001,.82033998,Likely R,0,1,0
2018,House,NY-25,11/6/18,classic,.99044001,.0095600002,Solid D,1,0,0
2018,House,NY-26,11/6/18,classic,.99996001,.000039999999,Solid D,1,0,0
2018,House,NY-27,11/6/18,classic,.24327999,.75672001,Likely R,0,1,0
2018,House,NY-3,11/6/18,classic,.99636,.00364,Solid D,1,0,0
2018,House,NY-4,11/6/18,classic,.99949998,.00050000002,Solid D,1,0,0
2018,House,NY-5,11/6/18,classic,1,0,Solid D,1,0,0
2018,House,NY-6,11/6/18,classic,.99997997,.000019999999,Solid D,1,0,0
2018,House,NY-7,11/6/18,classic,1,0,Solid D,1,0,0
2018,House,NY-8,11/6/18,classic,1,0,Solid D,1,0,0
2018,House,NY-9,11/6/18,classic,1,0,Solid D,1,0,0
2018,House,OH-1,11/6/18,classic,.19038001,.80962002,Likely R,0,1,0
2018,House,OH-10,11/6/18,classic,.1034,.89660001,Likely R,0,1,0
2018,House,OH-11,11/6/18,classic,1,0,Solid D,1,0,0
2018,House,OH-12,11/6/18,classic,.34705999,.65293998,Lean R,0,1,0
2018,House,OH-13,11/6/18,classic,.99988002,.00012,Solid D,1,0,0
2018,House,OH-14,11/6/18,classic,.15626,.84373999,Likely R,0,1,0
2018,House,OH-15,11/6/18,classic,.020679999,.97931999,Safe R,0,1,0
2018,House,OH-16,11/6/18,classic,.085179999,.91482002,Likely R,0,1,0
2018,House,OH-2,11/6/18,classic,.02272,.97728002,Safe R,0,1,0
2018,House,OH-3,11/6/18,classic,1,0,Solid D,1,0,0
2018,House,OH-4,11/6/18,classic,.0099799996,.99001998,Safe R,0,1,0
2018,House,OH-5,11/6/18,classic,.00144,.99856001,Safe R,0,1,0
2018,House,OH-6,11/6/18,classic,.00014,.99985999,Safe R,0,1,0
2018,House,OH-7,11/6/18,classic,.037900001,.96210003,Safe R,0,1,0
2018,House,OH-8,11/6/18,classic,.00016,.99984002,Safe R,0,1,0
2018,House,OH-9,11/6/18,classic,.99996001,.000039999999,Solid D,1,0,0
2018,House,OK-1,11/6/18,classic,.0017,.99830002,Safe R,0,1,0
2018,House,OK-2,11/6/18,classic,.00178,.99822003,Safe R,0,1,0
2018,House,OK-3,11/6/18,classic,.000019999999,.99997997,Safe R,0,1,0
2018,House,OK-4,11/6/18,classic,.000099999997,.99989998,Safe R,0,1,0
2018,House,OK-5,11/6/18,classic,.14256001,.85743999,Likely R,1,0,0
2018,House,OR-1,11/6/18,classic,.99988002,.00012,Solid D,1,0,0
2018,House,OR-2,11/6/18,classic,.0099999998,.99000001,Safe R,0,1,0
2018,House,OR-3,11/6/18,classic,1,0,Solid D,1,0,0
2018,House,OR-4,11/6/18,classic,.99574,.0042599998,Solid D,1,0,0
2018,House,OR-5,11/6/18,classic,.85588002,.14411999,Likely D,1,0,0
2018,House,PA-1,11/6/18,classic,.42814001,.57183999,Tossup (Tilt R),0,1,0
2018,House,PA-10,11/6/18,classic,.32495999,.67504001,Lean R,0,1,0
2018,House,PA-11,11/6/18,classic,.065399997,.9346,Likely R,0,1,0
2018,House,PA-12,11/6/18,classic,.00019999999,.99980003,Safe R,0,1,0
2018,House,PA-13,11/6/18,classic,.00026,.99974,Safe R,0,1,0
2018,House,PA-14,11/6/18,classic,.0070799999,.99291998,Safe R,0,1,0
2018,House,PA-15,11/6/18,classic,0,1,Safe R,0,1,0
2018,House,PA-16,11/6/18,classic,.12748,.87252003,Likely R,0,1,0
2018,House,PA-17,11/6/18,classic,.95727998,.042720001,Solid D,1,0,0
2018,House,PA-18,11/6/18,classic,1,0,Solid D,1,0,0
2018,House,PA-2,11/6/18,classic,1,0,Solid D,1,0,0
2018,House,PA-3,11/6/18,classic,1,0,Solid D,1,0,0
2018,House,PA-4,11/6/18,classic,.99922001,.00078,Solid D,1,0,0
2018,House,PA-5,11/6/18,classic,1,0,Solid D,1,0,0
2018,House,PA-6,11/6/18,classic,.99089998,.0091000004,Solid D,1,0,0
2018,House,PA-7,11/6/18,classic,.95183998,.048160002,Solid D,1,0,0
2018,House,PA-8,11/6/18,classic,.96288002,.03712,Solid D,1,0,0
2018,House,PA-9,11/6/18,classic,.0017199999,.99827999,Safe R,0,1,0
2018,House,RI-1,11/6/18,classic,.99996001,.000039999999,Solid D,1,0,0
2018,House,RI-2,11/6/18,classic,.99989998,.000099999997,Solid D,1,0,0
2018,House,SC-1,11/6/18,classic,.093819998,.90618002,Likely R,1,0,0
2018,House,SC-2,11/6/18,classic,.0063200002,.99368,Safe R,0,1,0
2018,House,SC-3,11/6/18,classic,.00056000001,.99944001,Safe R,0,1,0
2018,House,SC-4,11/6/18,classic,.00014,.99985999,Safe R,0,1,0
2018,House,SC-5,11/6/18,classic,.01312,.98688,Safe R,0,1,0
2018,House,SC-6,11/6/18,classic,1,0,Solid D,1,0,0
2018,House,SC-7,11/6/18,classic,.0057000001,.99430001,Safe R,0,1,0
2018,House,SD-1,11/6/18,classic,.0078999996,.9921,Safe R,0,1,0
2018,House,TN-1,11/6/18,classic,.000019999999,.99997997,Safe R,0,1,0
2018,House,TN-2,11/6/18,classic,.00022,.99978,Safe R,0,1,0
2018,House,TN-3,11/6/18,classic,.00056000001,.99944001,Safe R,0,1,0
2018,House,TN-4,11/6/18,classic,.0059600002,.99404001,Safe R,0,1,0
2018,House,TN-5,11/6/18,classic,.99989998,.000099999997,Solid D,1,0,0
2018,House,TN-6,11/6/18,classic,0,1,Safe R,0,1,0
2018,House,TN-7,11/6/18,classic,.00012,.99988002,Safe R,0,1,0
2018,House,TN-8,11/6/18,classic,.000079999998,.99992001,Safe R,0,1,0
2018,House,TN-9,11/6/18,classic,1,0,Solid D,1,0,0
2018,House,TX-1,11/6/18,classic,0,1,Safe R,0,1,0
2018,House,TX-10,11/6/18,classic,.06278,.93721998,Likely R,0,1,0
2018,House,TX-11,11/6/18,classic,0,1,Safe R,0,1,0
2018,House,TX-12,11/6/18,classic,.000019999999,.99997997,Safe R,0,1,0
2018,House,TX-13,11/6/18,classic,0,1,Safe R,0,1,0
2018,House,TX-14,11/6/18,classic,.00844,.99155998,Safe R,0,1,0
2018,House,TX-15,11/6/18,classic,.99963999,.00036000001,Solid D,1,0,0
2018,House,TX-16,11/6/18,classic,.99996001,.000039999999,Solid D,1,0,0
2018,House,TX-17,11/6/18,classic,.00174,.99826002,Safe R,0,1,0
2018,House,TX-18,11/6/18,classic,1,0,Solid D,1,0,0
2018,House,TX-19,11/6/18,classic,0,1,Safe R,0,1,0
2018,House,TX-2,11/6/18,classic,.10656,.89341998,Likely R,0,1,0
2018,House,TX-20,11/6/18,classic,.99997997,.000019999999,Solid D,1,0,0
2018,House,TX-21,11/6/18,classic,.15458,.84542,Likely R,0,1,0
2018,House,TX-22,11/6/18,classic,.20277999,.79721999,Likely R,0,1,0
2018,House,TX-23,11/6/18,classic,.2251,.77490002,Likely R,0,1,0
2018,House,TX-24,11/6/18,classic,.03294,.96706003,Safe R,0,1,0
2018,House,TX-25,11/6/18,classic,.11944,.88055998,Likely R,0,1,0
2018,House,TX-26,11/6/18,classic,.00050000002,.99949998,Safe R,0,1,0
2018,House,TX-27,11/6/18,classic,.0011,.9989,Safe R,0,1,0
2018,House,TX-28,11/6/18,classic,.99992001,.000079999998,Solid D,1,0,0
2018,House,TX-29,11/6/18,classic,.99996001,.000039999999,Solid D,1,0,0
2018,House,TX-3,11/6/18,classic,.0077599999,.99224001,Safe R,0,1,0
2018,House,TX-30,11/6/18,classic,.99997997,.000019999999,Solid D,1,0,0
2018,House,TX-31,11/6/18,classic,.067259997,.93273997,Likely R,0,1,0
2018,House,TX-32,11/6/18,classic,.37171999,.62827998,Lean R,1,0,0
2018,House,TX-33,11/6/18,classic,.99997997,.000019999999,Solid D,1,0,0
2018,House,TX-34,11/6/18,classic,.99966002,.00034,Solid D,1,0,0
2018,House,TX-35,11/6/18,classic,.99992001,.000079999998,Solid D,1,0,0
2018,House,TX-36,11/6/18,classic,.000019999999,.99997997,Safe R,0,1,0
2018,House,TX-4,11/6/18,classic,.000019999999,.99997997,Safe R,0,1,0
2018,House,TX-5,11/6/18,classic,.00039999999,.99959999,Safe R,0,1,0
2018,House,TX-6,11/6/18,classic,.057539999,.94246,Likely R,0,1,0
2018,House,TX-7,11/6/18,classic,.52231997,.47768,Tossup (Tilt D),1,0,0
2018,House,TX-8,11/6/18,classic,0,1,Safe R,0,1,0
2018,House,TX-9,11/6/18,classic,1,0,Solid D,1,0,0
2018,House,UT-1,11/6/18,classic,.00014,.99985999,Safe R,0,1,0
2018,House,UT-2,11/6/18,classic,.01572,.98427999,Safe R,0,1,0
2018,House,UT-3,11/6/18,classic,.00014,.99985999,Safe R,0,1,0
2018,House,UT-4,11/6/18,classic,.62276,.37724,Lean D,1,0,0
2018,House,VA-1,11/6/18,classic,.030200001,.9698,Safe R,0,1,0
2018,House,VA-10,11/6/18,classic,.89605999,.10394,Likely D,1,0,0
2018,House,VA-11,11/6/18,classic,.99996001,.000039999999,Solid D,1,0,0
2018,House,VA-2,11/6/18,classic,.32712001,.67287999,Lean R,1,0,0
2018,House,VA-3,11/6/18,classic,1,0,Solid D,1,0,0
2018,House,VA-4,11/6/18,classic,.99941999,.00057999999,Solid D,1,0,0
2018,House,VA-5,11/6/18,classic,.46164,.53836,Tossup (Tilt R),0,1,0
2018,House,VA-6,11/6/18,classic,.0048400001,.99515998,Safe R,0,1,0
2018,House,VA-7,11/6/18,classic,.43652001,.56348002,Tossup (Tilt R),1,0,0
2018,House,VA-8,11/6/18,classic,1,0,Solid D,1,0,0
2018,House,VA-9,11/6/18,classic,.0091000004,.99089998,Safe R,0,1,0
2018,House,VT-1,11/6/18,classic,1,0,Solid D,1,0,0
2018,House,WA-1,11/6/18,classic,.9993,.00069999998,Solid D,1,0,0
2018,House,WA-10,11/6/18,classic,.99958003,.00042,Solid D,1,0,0
2018,House,WA-2,11/6/18,classic,.99989998,.000099999997,Solid D,1,0,0
2018,House,WA-3,11/6/18,classic,.25914001,.74085999,Lean R,0,1,0
2018,House,WA-4,11/6/18,classic,.00398,.99602002,Safe R,0,1,0
2018,House,WA-5,11/6/18,classic,.2386,.76139998,Likely R,0,1,0
2018,House,WA-6,11/6/18,classic,.99984002,.00016,Solid D,1,0,0
2018,House,WA-7,11/6/18,classic,1,0,Solid D,1,0,0
2018,House,WA-8,11/6/18,classic,.66983998,.33015999,Lean D,1,0,0
2018,House,WA-9,11/6/18,classic,1,0,Solid D,1,0,0
2018,House,WI-1,11/6/18,classic,.22130001,.77869999,Likely R,0,1,0
2018,House,WI-2,11/6/18,classic,1,0,Solid D,1,0,0
2018,House,WI-3,11/6/18,classic,.99730003,.0027000001,Solid D,1,0,0
2018,House,WI-4,11/6/18,classic,1,0,Solid D,1,0,0
2018,House,WI-5,11/6/18,classic,.01058,.98942,Safe R,0,1,0
2018,House,WI-6,11/6/18,classic,.045639999,.95436001,Safe R,0,1,0
2018,House,WI-7,11/6/18,classic,.0055200001,.99448001,Safe R,0,1,0
2018,House,WI-8,11/6/18,classic,.0046799998,.99532002,Safe R,0,1,0
2018,House,WV-1,11/6/18,classic,.00042,.99958003,Safe R,0,1,0
2018,House,WV-2,11/6/18,classic,.065619998,.93437999,Likely R,0,1,0
2018,House,WV-3,11/6/18,classic,.073660001,.92633998,Likely R,0,1,0
2018,House,WY-1,11/6/18,classic,.00031999999,.99967998,Safe R,0,1,0
2018,Senate,AZ-S1,11/6/18,classic,.61438,.38562,Lean D,1,0,0
2018,Senate,CA-S1,11/6/18,classic,1,0,Solid D,1,0,0
2018,Senate,CT-S1,11/6/18,classic,.99677998,.0032200001,Solid D,1,0,0
2018,Senate,DE-S1,11/6/18,classic,.99892002,.00108,Solid D,1,0,0
2018,Senate,FL-S1,11/6/18,classic,.70384002,.29616001,Lean D,0,1,0
2018,Senate,HI-S1,11/6/18,classic,1,0,Solid D,1,0,0
2018,Senate,IN-S1,11/6/18,classic,.71846002,.28154001,Lean D,0,1,0
2018,Senate,MA-S1,11/6/18,classic,.99830002,.0017,Solid D,1,0,0
2018,Senate,MD-S1,11/6/18,classic,.99993998,.000059999998,Solid D,1,0,0
2018,Senate,ME-S1,11/6/18,classic,.99052,.0094799995,Solid D,1,0,0
2018,Senate,MI-S1,11/6/18,classic,.95811999,.04188,Solid D,1,0,0
2018,Senate,MN-S1,11/6/18,classic,.99773997,.00226,Solid D,1,0,0
2018,Senate,MN-S2,11/6/18,classic,.92417997,.075819999,Likely D,1,0,0
2018,Senate,MO-S1,11/6/18,classic,.56892002,.43108001,Tossup (Tilt D),0,1,0
2018,Senate,MS-S1,11/6/18,classic,.01384,.98615998,Safe R,0,1,0
2018,Senate,MS-S2,11/6/18,classic,.25229999,.74769998,Lean R,0,1,0
2018,Senate,MT-S1,11/6/18,classic,.76018,.23982,Likely D,1,0,0
2018,Senate,ND-S1,11/6/18,classic,.26763999,.73236001,Lean R,0,1,0
2018,Senate,NE-S1,11/6/18,classic,.02138,.97861999,Safe R,0,1,0
2018,Senate,NJ-S1,11/6/18,classic,.9461,.0539,Likely D,1,0,0
2018,Senate,NM-S1,11/6/18,classic,.99093997,.0090600001,Solid D,1,0,0
2018,Senate,NV-S1,11/6/18,classic,.57024002,.42976001,Tossup (Tilt D),1,0,0
2018,Senate,NY-S1,11/6/18,classic,.99953997,.00046000001,Solid D,1,0,0
2018,Senate,OH-S1,11/6/18,classic,.96667999,.033319999,Solid D,1,0,0
2018,Senate,PA-S1,11/6/18,classic,.96862,.031380001,Solid D,1,0,0
2018,Senate,RI-S1,11/6/18,classic,.99900001,.001,Solid D,1,0,0
2018,Senate,TN-S1,11/6/18,classic,.19648001,.80352002,Likely R,0,1,0
2018,Senate,TX-S1,11/6/18,classic,.21208,.78792,Likely R,0,1,0
2018,Senate,UT-S1,11/6/18,classic,.00092000002,.99908,Safe R,0,1,0
2018,Senate,VA-S1,11/6/18,classic,.98725998,.01274,Solid D,1,0,0
2018,Senate,VT-S1,11/6/18,classic,1,0,Solid D,1,0,0
2018,Senate,WA-S1,11/6/18,classic,.99606001,.0039400002,Solid D,1,0,0
2018,Senate,WI-S1,11/6/18,classic,.97719997,.0228,Solid D,1,0,0
2018,Senate,WV-S1,11/6/18,classic,.87867999,.12132,Likely D,1,0,0
2018,Senate,WY-S1,11/6/18,classic,.00034,.99966002,Safe R,0,1,0
2018,Governor,AK-G1,11/6/18,deluxe,.28534001,.71465999,Lean R,0,1,0
2018,Governor,AL-G1,11/6/18,deluxe,.00942,.99058002,Safe R,0,1,0
2018,Governor,AR-G1,11/6/18,deluxe,.00044,.99956,Safe R,0,1,0
2018,Governor,AZ-G1,11/6/18,deluxe,.01434,.98566002,Safe R,0,1,0
2018,Governor,CA-G1,11/6/18,deluxe,.99360001,.0063999998,Solid D,1,0,0
2018,Governor,CO-G1,11/6/18,deluxe,.9253,.074699998,Likely D,1,0,0
2018,Governor,CT-G1,11/6/18,deluxe,.79313999,.20686001,Likely D,1,0,0
2018,Governor,FL-G1,11/6/18,deluxe,.77833998,.22166,Likely D,0,1,0
2018,Governor,GA-G1,11/6/18,deluxe,.34092,.65908003,Lean R,0,1,0
2018,Governor,HI-G1,11/6/18,deluxe,.99892002,.00108,Solid D,1,0,0
2018,Governor,IA-G1,11/6/18,deluxe,.63617998,.36381999,Lean D,0,1,0
2018,Governor,ID-G1,11/6/18,deluxe,.0109,.98909998,Safe R,0,1,0
2018,Governor,IL-G1,11/6/18,deluxe,.87585998,.12414,Likely D,1,0,0
2018,Governor,KS-G1,11/6/18,deluxe,.50007999,.49958,Tossup (Tilt D),1,0,0
2018,Governor,MA-G1,11/6/18,deluxe,.00052,.99948001,Safe R,0,1,0
2018,Governor,MD-G1,11/6/18,deluxe,.01322,.98677999,Safe R,0,1,0
2018,Governor,ME-G1,11/6/18,deluxe,.89748001,.10252,Likely D,1,0,0
2018,Governor,MI-G1,11/6/18,deluxe,.93235999,.067639999,Likely D,1,0,0
2018,Governor,MN-G1,11/6/18,deluxe,.93988001,.060120001,Likely D,1,0,0
2018,Governor,NE-G1,11/6/18,deluxe,.0080199996,.99198002,Safe R,0,1,0
2018,Governor,NH-G1,11/6/18,deluxe,.14804,.85196,Likely R,0,1,0
2018,Governor,NM-G1,11/6/18,deluxe,.92666,.073339999,Likely D,1,0,0
2018,Governor,NV-G1,11/6/18,deluxe,.60005999,.39994001,Lean D,1,0,0
2018,Governor,NY-G1,11/6/18,deluxe,.99523997,.0047599999,Solid D,1,0,0
2018,Governor,OH-G1,11/6/18,deluxe,.61940002,.38060001,Lean D,0,1,0
2018,Governor,OK-G1,11/6/18,deluxe,.17433999,.82565999,Likely R,0,1,0
2018,Governor,OR-G1,11/6/18,deluxe,.79926002,.20073999,Likely D,1,0,0
2018,Governor,PA-G1,11/6/18,deluxe,.99234003,.0076600001,Solid D,1,0,0
2018,Governor,RI-G1,11/6/18,deluxe,.95455998,.04544,Solid D,1,0,0
2018,Governor,SC-G1,11/6/18,deluxe,.01488,.98512,Safe R,0,1,0
2018,Governor,SD-G1,11/6/18,deluxe,.34630001,.65369999,Lean R,0,1,0
2018,Governor,TN-G1,11/6/18,deluxe,.01192,.98808002,Safe R,0,1,0
2018,Governor,TX-G1,11/6/18,deluxe,.00266,.99734002,Safe R,0,1,0
2018,Governor,VT-G1,11/6/18,deluxe,.024639999,.97535998,Safe R,0,1,0
2018,Governor,WI-G1,11/6/18,deluxe,.6171,.3829,Lean D,1,0,0
2018,Governor,WY-G1,11/6/18,deluxe,.00076000002,.99923998,Safe R,0,1,0
2018,House,AK-1,11/6/18,deluxe,.25525999,.74474001,Lean R,0,1,0
2018,House,AL-1,11/6/18,deluxe,.00022,.99978,Safe R,0,1,0
2018,House,AL-2,11/6/18,deluxe,.0123,.98769999,Safe R,0,1,0
2018,House,AL-3,11/6/18,deluxe,.00118,.99882001,Safe R,0,1,0
2018,House,AL-4,11/6/18,deluxe,0,1,Safe R,0,1,0
2018,House,AL-5,11/6/18,deluxe,.00066000002,.99934,Safe R,0,1,0
2018,House,AL-6,11/6/18,deluxe,.000059999998,.99993998,Safe R,0,1,0
2018,House,AL-7,11/6/18,deluxe,1,0,Solid D,1,0,0
2018,House,AR-1,11/6/18,deluxe,.00030000001,.99970001,Safe R,0,1,0
2018,House,AR-2,11/6/18,deluxe,.10034,.89965999,Likely R,0,1,0
2018,House,AR-3,11/6/18,deluxe,.00047999999,.99952,Safe R,0,1,0
2018,House,AR-4,11/6/18,deluxe,.00026,.99974,Safe R,0,1,0
2018,House,AZ-1,11/6/18,deluxe,.90763998,.092359997,Likely D,1,0,0
2018,House,AZ-2,11/6/18,deluxe,.96038002,.039620001,Solid D,1,0,0
2018,House,AZ-3,11/6/18,deluxe,.99993998,.000059999998,Solid D,1,0,0
2018,House,AZ-4,11/6/18,deluxe,.00019999999,.99980003,Safe R,0,1,0
2018,House,AZ-5,11/6/18,deluxe,.00069999998,.9993,Safe R,0,1,0
2018,House,AZ-6,11/6/18,deluxe,.0502,.94980001,Likely R,0,1,0
2018,House,AZ-7,11/6/18,deluxe,.99997997,.000019999999,Solid D,1,0,0
2018,House,AZ-8,11/6/18,deluxe,.13298,.86702001,Likely R,0,1,0
2018,House,AZ-9,11/6/18,deluxe,.99708003,.0029200001,Solid D,1,0,0
2018,House,CA-1,11/6/18,deluxe,.091920003,.90807998,Likely R,0,1,0
2018,House,CA-10,11/6/18,deluxe,.74537998,.25461999,Lean D,1,0,0
2018,House,CA-11,11/6/18,deluxe,1,0,Solid D,1,0,0
2018,House,CA-12,11/6/18,deluxe,1,0,Solid D,1,0,0
2018,House,CA-13,11/6/18,deluxe,.99997997,.000019999999,Solid D,1,0,0
2018,House,CA-14,11/6/18,deluxe,1,0,Solid D,1,0,0
2018,House,CA-15,11/6/18,deluxe,1,0,Solid D,1,0,0
2018,House,CA-16,11/6/18,deluxe,.98408002,.01592,Solid D,1,0,0
2018,House,CA-17,11/6/18,deluxe,1,0,Solid D,1,0,0
2018,House,CA-18,11/6/18,deluxe,1,0,Solid D,1,0,0
2018,House,CA-19,11/6/18,deluxe,1,0,Solid D,1,0,0
2018,House,CA-2,11/6/18,deluxe,1,0,Solid D,1,0,0
2018,House,CA-20,11/6/18,deluxe,.99988002,.00012,Solid D,1,0,0
2018,House,CA-21,11/6/18,deluxe,.161,.83899999,Likely R,1,0,1
2018,House,CA-22,11/6/18,deluxe,.025140001,.97486001,Safe R,0,1,0
2018,House,CA-23,11/6/18,deluxe,.00047999999,.99952,Safe R,0,1,0
2018,House,CA-24,11/6/18,deluxe,.99045998,.00954,Solid D,1,0,0
2018,House,CA-25,11/6/18,deluxe,.55934,.44066,Tossup (Tilt D),1,0,0
2018,House,CA-26,11/6/18,deluxe,.99989998,.000099999997,Solid D,1,0,0
2018,House,CA-27,11/6/18,deluxe,1,0,Solid D,1,0,0
2018,House,CA-28,11/6/18,deluxe,1,0,Solid D,1,0,0
2018,House,CA-29,11/6/18,deluxe,1,0,Solid D,1,0,0
2018,House,CA-3,11/6/18,deluxe,.99980003,.00019999999,Solid D,1,0,0
2018,House,CA-30,11/6/18,deluxe,1,0,Solid D,1,0,0
2018,House,CA-31,11/6/18,deluxe,.99923998,.00076000002,Solid D,1,0,0
2018,House,CA-32,11/6/18,deluxe,1,0,Solid D,1,0,0
2018,House,CA-33,11/6/18,deluxe,1,0,Solid D,1,0,0
2018,House,CA-34,11/6/18,deluxe,.99993998,.000059999998,Solid D,1,0,0
2018,House,CA-35,11/6/18,deluxe,.99996001,.000039999999,Solid D,1,0,0
2018,House,CA-36,11/6/18,deluxe,.99870002,.0013,Solid D,1,0,0
2018,House,CA-37,11/6/18,deluxe,1,0,Solid D,1,0,0
2018,House,CA-38,11/6/18,deluxe,.99997997,.000019999999,Solid D,1,0,0
2018,House,CA-39,11/6/18,deluxe,.51771998,.48227999,Tossup (Tilt D),1,0,0
2018,House,CA-4,11/6/18,deluxe,.098099999,.90189999,Likely R,0,1,0
2018,House,CA-40,11/6/18,deluxe,.99981999,.00018,Solid D,1,0,0
2018,House,CA-41,11/6/18,deluxe,.99988002,.00012,Solid D,1,0,0
2018,House,CA-42,11/6/18,deluxe,.01238,.98762,Safe R,0,1,0
2018,House,CA-43,11/6/18,deluxe,1,0,Solid D,1,0,0
2018,House,CA-44,11/6/18,deluxe,1,0,Solid D,1,0,0
2018,House,CA-45,11/6/18,deluxe,.64709997,.35288,Lean D,1,0,0
2018,House,CA-46,11/6/18,deluxe,1,0,Solid D,1,0,0
2018,House,CA-47,11/6/18,deluxe,.99989998,.000099999997,Solid D,1,0,0
2018,House,CA-48,11/6/18,deluxe,.62787998,.37211999,Lean D,1,0,0
2018,House,CA-49,11/6/18,deluxe,.96686,.03314,Solid D,1,0,0
2018,House,CA-5,11/6/18,deluxe,.99989998,.000099999997,Solid D,1,0,0
2018,House,CA-50,11/6/18,deluxe,.18432,.81568003,Likely R,0,1,0
2018,House,CA-51,11/6/18,deluxe,1,0,Solid D,1,0,0
2018,House,CA-52,11/6/18,deluxe,.99962002,.00038000001,Solid D,1,0,0
2018,House,CA-53,11/6/18,deluxe,.99996001,.000039999999,Solid D,1,0,0
2018,House,CA-6,11/6/18,deluxe,1,0,Solid D,1,0,0
2018,House,CA-7,11/6/18,deluxe,.99478,.0052200002,Solid D,1,0,0
2018,House,CA-8,11/6/18,deluxe,0,1,Safe R,0,1,0
2018,House,CA-9,11/6/18,deluxe,.99956,.00044,Solid D,1,0,0
2018,House,CO-1,11/6/18,deluxe,1,0,Solid D,1,0,0
2018,House,CO-2,11/6/18,deluxe,.99959999,.00039999999,Solid D,1,0,0
2018,House,CO-3,11/6/18,deluxe,.10594,.89406002,Likely R,0,1,0
2018,House,CO-4,11/6/18,deluxe,.018619999,.98137999,Safe R,0,1,0
2018,House,CO-5,11/6/18,deluxe,.01218,.98782003,Safe R,0,1,0
2018,House,CO-6,11/6/18,deluxe,.88488001,.11512,Likely D,1,0,0
2018,House,CO-7,11/6/18,deluxe,.99948001,.00052,Solid D,1,0,0
2018,House,CT-1,11/6/18,deluxe,.99992001,.000079999998,Solid D,1,0,0
2018,House,CT-2,11/6/18,deluxe,.99985999,.00014,Solid D,1,0,0
2018,House,CT-3,11/6/18,deluxe,.99992001,.000079999998,Solid D,1,0,0
2018,House,CT-4,11/6/18,deluxe,.99988002,.00012,Solid D,1,0,0
2018,House,CT-5,11/6/18,deluxe,.98791999,.01208,Solid D,1,0,0
2018,House,DE-1,11/6/18,deluxe,.99879998,.0012000001,Solid D,1,0,0
2018,House,FL-1,11/6/18,deluxe,0,1,Safe R,0,1,0
2018,House,FL-10,11/6/18,deluxe,1,0,Solid D,1,0,0
2018,House,FL-11,11/6/18,deluxe,.00022,.99978,Safe R,0,1,0
2018,House,FL-12,11/6/18,deluxe,.0027600001,.99724001,Safe R,0,1,0
2018,House,FL-13,11/6/18,deluxe,.99893999,.00106,Solid D,1,0,0
2018,House,FL-14,11/6/18,deluxe,1,0,Solid D,1,0,0
2018,House,FL-15,11/6/18,deluxe,.36462,.63538003,Lean R,0,1,0
2018,House,FL-16,11/6/18,deluxe,.098080002,.90192002,Likely R,0,1,0
2018,House,FL-17,11/6/18,deluxe,.00089999998,.99910003,Safe R,0,1,0
2018,House,FL-18,11/6/18,deluxe,.080140002,.91986001,Likely R,0,1,0
2018,House,FL-19,11/6/18,deluxe,.0048400001,.99515998,Safe R,0,1,0
2018,House,FL-2,11/6/18,deluxe,.00019999999,.99980003,Safe R,0,1,0
2018,House,FL-20,11/6/18,deluxe,1,0,Solid D,1,0,0
2018,House,FL-21,11/6/18,deluxe,1,0,Solid D,1,0,0
2018,House,FL-22,11/6/18,deluxe,.99971998,.00028000001,Solid D,1,0,0
2018,House,FL-23,11/6/18,deluxe,.99980003,.00019999999,Solid D,1,0,0
2018,House,FL-24,11/6/18,deluxe,1,0,Solid D,1,0,0
2018,House,FL-25,11/6/18,deluxe,.16486,.83513999,Likely R,0,1,0
2018,House,FL-26,11/6/18,deluxe,.50238001,.49761999,Tossup (Tilt D),1,0,0
2018,House,FL-27,11/6/18,deluxe,.85214001,.14786001,Likely D,1,0,0
2018,House,FL-3,11/6/18,deluxe,.0078400001,.99216002,Safe R,0,1,0
2018,House,FL-4,11/6/18,deluxe,.000059999998,.99993998,Safe R,0,1,0
2018,House,FL-5,11/6/18,deluxe,.99997997,.000019999999,Solid D,1,0,0
2018,House,FL-6,11/6/18,deluxe,.21575999,.78424001,Likely R,0,1,0
2018,House,FL-7,11/6/18,deluxe,.97004002,.029960001,Solid D,1,0,0
2018,House,FL-8,11/6/18,deluxe,.00544,.99456,Safe R,0,1,0
2018,House,FL-9,11/6/18,deluxe,.99308002,.0069200001,Solid D,1,0,0
2018,House,GA-1,11/6/18,deluxe,.001,.99900001,Safe R,0,1,0
2018,House,GA-10,11/6/18,deluxe,.000039999999,.99996001,Safe R,0,1,0
2018,House,GA-11,11/6/18,deluxe,.000079999998,.99992001,Safe R,0,1,0
2018,House,GA-12,11/6/18,deluxe,.0076600001,.99234003,Safe R,0,1,0
2018,House,GA-13,11/6/18,deluxe,.99997997,.000019999999,Solid D,1,0,0
2018,House,GA-14,11/6/18,deluxe,0,1,Safe R,0,1,0
2018,House,GA-2,11/6/18,deluxe,.99988002,.00012,Solid D,1,0,0
2018,House,GA-3,11/6/18,deluxe,.000019999999,.99997997,Safe R,0,1,0
2018,House,GA-4,11/6/18,deluxe,.99997997,.000019999999,Solid D,1,0,0
2018,House,GA-5,11/6/18,deluxe,1,0,Solid D,1,0,0
2018,House,GA-6,11/6/18,deluxe,.40568,.59432,Tossup (Tilt R),1,0,0
2018,House,GA-7,11/6/18,deluxe,.15194,.84806001,Likely R,0,1,0
2018,House,GA-8,11/6/18,deluxe,0,1,Safe R,0,1,0
2018,House,GA-9,11/6/18,deluxe,0,1,Safe R,0,1,0
2018,House,HI-1,11/6/18,deluxe,.99997997,.000019999999,Solid D,1,0,0
2018,House,HI-2,11/6/18,deluxe,1,0,Solid D,1,0,0
2018,House,IA-1,11/6/18,deluxe,.94032001,.05968,Likely D,1,0,0
2018,House,IA-2,11/6/18,deluxe,.99497998,.00502,Solid D,1,0,0
2018,House,IA-3,11/6/18,deluxe,.69889998,.30109999,Lean D,1,0,0
2018,House,IA-4,11/6/18,deluxe,.11416,.88584,Likely R,0,1,0
2018,House,ID-1,11/6/18,deluxe,.0033199999,.99668002,Safe R,0,1,0
2018,House,ID-2,11/6/18,deluxe,.00060000003,.99940002,Safe R,0,1,0
2018,House,IL-1,11/6/18,deluxe,1,0,Solid D,1,0,0
2018,House,IL-10,11/6/18,deluxe,.99985999,.00014,Solid D,1,0,0
2018,House,IL-11,11/6/18,deluxe,.99992001,.000079999998,Solid D,1,0,0
2018,House,IL-12,11/6/18,deluxe,.24502,.75498003,Likely R,0,1,0
2018,House,IL-13,11/6/18,deluxe,.2261,.77389997,Likely R,0,1,0
2018,House,IL-14,11/6/18,deluxe,.69264001,.30735999,Lean D,1,0,0
2018,House,IL-15,11/6/18,deluxe,.000079999998,.99992001,Safe R,0,1,0
2018,House,IL-16,11/6/18,deluxe,.0042400002,.99576002,Safe R,0,1,0
2018,House,IL-17,11/6/18,deluxe,.99988002,.00012,Solid D,1,0,0
2018,House,IL-18,11/6/18,deluxe,.00012,.99988002,Safe R,0,1,0
2018,House,IL-2,11/6/18,deluxe,1,0,Solid D,1,0,0
2018,House,IL-3,11/6/18,deluxe,.99993998,.000059999998,Solid D,1,0,0
2018,House,IL-4,11/6/18,deluxe,1,0,Solid D,1,0,0
2018,House,IL-5,11/6/18,deluxe,1,0,Solid D,1,0,0
2018,House,IL-6,11/6/18,deluxe,.62023997,.37976,Lean D,1,0,0
2018,House,IL-7,11/6/18,deluxe,1,0,Solid D,1,0,0
2018,House,IL-8,11/6/18,deluxe,.99992001,.000079999998,Solid D,1,0,0
2018,House,IL-9,11/6/18,deluxe,.99997997,.000019999999,Solid D,1,0,0
2018,House,IN-1,11/6/18,deluxe,.99997997,.000019999999,Solid D,1,0,0
2018,House,IN-2,11/6/18,deluxe,.042539999,.95745999,Safe R,0,1,0
2018,House,IN-3,11/6/18,deluxe,.00152,.99848002,Safe R,0,1,0
2018,House,IN-4,11/6/18,deluxe,.00095999998,.99904001,Safe R,0,1,0
2018,House,IN-5,11/6/18,deluxe,.01126,.98874003,Safe R,0,1,0
2018,House,IN-6,11/6/18,deluxe,.00031999999,.99967998,Safe R,0,1,0
2018,House,IN-7,11/6/18,deluxe,1,0,Solid D,1,0,0
2018,House,IN-8,11/6/18,deluxe,.0022199999,.99778003,Safe R,0,1,0
2018,House,IN-9,11/6/18,deluxe,.0513,.94870001,Likely R,0,1,0
2018,House,KS-1,11/6/18,deluxe,.00062000001,.99937999,Safe R,0,1,0
2018,House,KS-2,11/6/18,deluxe,.64069998,.35927999,Lean D,0,1,0
2018,House,KS-3,11/6/18,deluxe,.86519998,.1348,Likely D,1,0,0
2018,House,KS-4,11/6/18,deluxe,.0040600002,.99594003,Safe R,0,1,0
2018,House,KY-1,11/6/18,deluxe,.000019999999,.99997997,Safe R,0,1,0
2018,House,KY-2,11/6/18,deluxe,.00039999999,.99959999,Safe R,0,1,0
2018,House,KY-3,11/6/18,deluxe,.99919999,.00079999998,Solid D,1,0,0
2018,House,KY-4,11/6/18,deluxe,.00034,.99966002,Safe R,0,1,0
2018,House,KY-5,11/6/18,deluxe,0,1,Safe R,0,1,0
2018,House,KY-6,11/6/18,deluxe,.42666,.57334,Tossup (Tilt R),0,1,0
2018,House,LA-1,11/6/18,deluxe,0,1,Safe R,0,1,0
2018,House,LA-2,11/6/18,deluxe,1,0,Solid D,1,0,0
2018,House,LA-3,11/6/18,deluxe,.00038000001,.99962002,Safe R,0,1,0
2018,House,LA-4,11/6/18,deluxe,.00042,.99958003,Safe R,0,1,0
2018,House,LA-5,11/6/18,deluxe,.00014,.99985999,Safe R,0,1,0
2018,House,LA-6,11/6/18,deluxe,.000059999998,.99993998,Safe R,0,1,0
2018,House,MA-1,11/6/18,deluxe,1,0,Solid D,1,0,0
2018,House,MA-2,11/6/18,deluxe,1,0,Solid D,1,0,0
2018,House,MA-3,11/6/18,deluxe,.99970001,.00030000001,Solid D,1,0,0
2018,House,MA-4,11/6/18,deluxe,1,0,Solid D,1,0,0
2018,House,MA-5,11/6/18,deluxe,1,0,Solid D,1,0,0
2018,House,MA-6,11/6/18,deluxe,.99997997,.000019999999,Solid D,1,0,0
2018,House,MA-7,11/6/18,deluxe,1,0,Solid D,1,0,0
2018,House,MA-8,11/6/18,deluxe,1,0,Solid D,1,0,0
2018,House,MA-9,11/6/18,deluxe,.9982,.0018,Solid D,1,0,0
2018,House,MD-1,11/6/18,deluxe,.00618,.99382001,Safe R,0,1,0
2018,House,MD-2,11/6/18,deluxe,.99996001,.000039999999,Solid D,1,0,0
2018,House,MD-3,11/6/18,deluxe,.99996001,.000039999999,Solid D,1,0,0
2018,House,MD-4,11/6/18,deluxe,1,0,Solid D,1,0,0
2018,House,MD-5,11/6/18,deluxe,.99997997,.000019999999,Solid D,1,0,0
2018,House,MD-6,11/6/18,deluxe,.99621999,.0037799999,Solid D,1,0,0
2018,House,MD-7,11/6/18,deluxe,1,0,Solid D,1,0,0
2018,House,MD-8,11/6/18,deluxe,1,0,Solid D,1,0,0
2018,House,ME-1,11/6/18,deluxe,.99967998,.00031999999,Solid D,1,0,0
2018,House,ME-2,11/6/18,deluxe,.64506,.35494,Lean D,1,0,0
2018,House,MI-1,11/6/18,deluxe,.04276,.95723999,Safe R,0,1,0
2018,House,MI-10,11/6/18,deluxe,.00079999998,.99919999,Safe R,0,1,0
2018,House,MI-11,11/6/18,deluxe,.82293999,.17705999,Likely D,1,0,0
2018,House,MI-12,11/6/18,deluxe,1,0,Solid D,1,0,0
2018,House,MI-13,11/6/18,deluxe,1,0,Solid D,1,0,0
2018,House,MI-14,11/6/18,deluxe,1,0,Solid D,1,0,0
2018,House,MI-2,11/6/18,deluxe,.023639999,.97636002,Safe R,0,1,0
2018,House,MI-3,11/6/18,deluxe,.01788,.98211998,Safe R,0,1,0
2018,House,MI-4,11/6/18,deluxe,.00126,.99874002,Safe R,0,1,0
2018,House,MI-5,11/6/18,deluxe,.99985999,.00014,Solid D,1,0,0
2018,House,MI-6,11/6/18,deluxe,.17056,.82944,Likely R,0,1,0
2018,House,MI-7,11/6/18,deluxe,.24916001,.75084001,Likely R,0,1,0
2018,House,MI-8,11/6/18,deluxe,.70642,.29358,Lean D,1,0,0
2018,House,MI-9,11/6/18,deluxe,.99776,.0022400001,Solid D,1,0,0
2018,House,MN-1,11/6/18,deluxe,.59903997,.40096,Tossup (Tilt D),0,1,0
2018,House,MN-2,11/6/18,deluxe,.87151998,.12848,Likely D,1,0,0
2018,House,MN-3,11/6/18,deluxe,.85996002,.14002,Likely D,1,0,0
2018,House,MN-4,11/6/18,deluxe,.99996001,.000039999999,Solid D,1,0,0
2018,House,MN-5,11/6/18,deluxe,1,0,Solid D,1,0,0
2018,House,MN-6,11/6/18,deluxe,.00078,.99922001,Safe R,0,1,0
2018,House,MN-7,11/6/18,deluxe,.96035999,.039639998,Solid D,1,0,0
2018,House,MN-8,11/6/18,deluxe,.17872,.82128,Likely R,0,1,0
2018,House,MO-1,11/6/18,deluxe,1,0,Solid D,1,0,0
2018,House,MO-2,11/6/18,deluxe,.084720001,.91527998,Likely R,0,1,0
2018,House,MO-3,11/6/18,deluxe,0,1,Safe R,0,1,0
2018,House,MO-4,11/6/18,deluxe,.00038000001,.99962002,Safe R,0,1,0
2018,House,MO-5,11/6/18,deluxe,.99940002,.00060000003,Solid D,1,0,0
2018,House,MO-6,11/6/18,deluxe,.00018,.99981999,Safe R,0,1,0
2018,House,MO-7,11/6/18,deluxe,0,1,Safe R,0,1,0
2018,House,MO-8,11/6/18,deluxe,.000019999999,.99997997,Safe R,0,1,0
2018,House,MS-1,11/6/18,deluxe,.00031999999,.99967998,Safe R,0,1,0
2018,House,MS-2,11/6/18,deluxe,1,0,Solid D,1,0,0
2018,House,MS-3,11/6/18,deluxe,.0020999999,.99790001,Safe R,0,1,0
2018,House,MS-4,11/6/18,deluxe,.0029800001,.99702001,Safe R,0,1,0
2018,House,MT-1,11/6/18,deluxe,.17671999,.82327998,Likely R,0,1,0
2018,House,NC-1,11/6/18,deluxe,1,0,Solid D,1,0,0
2018,House,NC-10,11/6/18,deluxe,.00148,.99852002,Safe R,0,1,0
2018,House,NC-11,11/6/18,deluxe,.0020600001,.99794,Safe R,0,1,0
2018,House,NC-12,11/6/18,deluxe,1,0,Solid D,1,0,0
2018,House,NC-13,11/6/18,deluxe,.35012001,.64987999,Lean R,0,1,0
2018,House,NC-2,11/6/18,deluxe,.14304,.85696,Likely R,0,1,0
2018,House,NC-3,11/6/18,deluxe,0,1,Safe R,0,1,0
2018,House,NC-4,11/6/18,deluxe,.99997997,.000019999999,Solid D,1,0,0
2018,House,NC-5,11/6/18,deluxe,.01746,.98254001,Safe R,0,1,0
2018,House,NC-6,11/6/18,deluxe,.044520002,.95547998,Safe R,0,1,0
2018,House,NC-7,11/6/18,deluxe,.05054,.94946003,Likely R,0,1,0
2018,House,NC-8,11/6/18,deluxe,.068240002,.93176001,Likely R,0,1,0
2018,House,NC-9,11/6/18,deluxe,.54957998,.45041999,Tossup (Tilt D),0,1,1
2018,House,ND-1,11/6/18,deluxe,.00069999998,.9993,Safe R,0,1,0
2018,House,NE-1,11/6/18,deluxe,.0014,.99860001,Safe R,0,1,0
2018,House,NE-2,11/6/18,deluxe,.32284001,.67716002,Lean R,0,1,0
2018,House,NE-3,11/6/18,deluxe,.000039999999,.99996001,Safe R,0,1,0
2018,House,NH-1,11/6/18,deluxe,.92228001,.077720001,Likely D,1,0,0
2018,House,NH-2,11/6/18,deluxe,.99801999,.0019799999,Solid D,1,0,0
2018,House,NJ-1,11/6/18,deluxe,.99997997,.000019999999,Solid D,1,0,0
2018,House,NJ-10,11/6/18,deluxe,1,0,Solid D,1,0,0
2018,House,NJ-11,11/6/18,deluxe,.861,.139,Likely D,1,0,0
2018,House,NJ-12,11/6/18,deluxe,1,0,Solid D,1,0,0
2018,House,NJ-2,11/6/18,deluxe,.98644,.01356,Solid D,1,0,0
2018,House,NJ-3,11/6/18,deluxe,.62896001,.37103999,Lean D,1,0,0
2018,House,NJ-4,11/6/18,deluxe,.02524,.97476,Safe R,0,1,0
2018,House,NJ-5,11/6/18,deluxe,.98624003,.01376,Solid D,1,0,0
2018,House,NJ-6,11/6/18,deluxe,.99992001,.000079999998,Solid D,1,0,0
2018,House,NJ-7,11/6/18,deluxe,.75120002,.24879999,Likely D,1,0,0
2018,House,NJ-8,11/6/18,deluxe,1,0,Solid D,1,0,0
2018,House,NJ-9,11/6/18,deluxe,1,0,Solid D,1,0,0
2018,House,NM-1,11/6/18,deluxe,.99316001,.0068399999,Solid D,1,0,0
2018,House,NM-2,11/6/18,deluxe,.52215999,.47784001,Tossup (Tilt D),1,0,0
2018,House,NM-3,11/6/18,deluxe,.99981999,.00018,Solid D,1,0,0
2018,House,NV-1,11/6/18,deluxe,1,0,Solid D,1,0,0
2018,House,NV-2,11/6/18,deluxe,.00136,.99864,Safe R,0,1,0
2018,House,NV-3,11/6/18,deluxe,.88132,.11868,Likely D,1,0,0
2018,House,NV-4,11/6/18,deluxe,.89336002,.10664,Likely D,1,0,0
2018,House,NY-1,11/6/18,deluxe,.040380001,.95962,Safe R,0,1,0
2018,House,NY-10,11/6/18,deluxe,1,0,Solid D,1,0,0
2018,House,NY-11,11/6/18,deluxe,.20311999,.79688001,Likely R,1,0,0
2018,House,NY-12,11/6/18,deluxe,1,0,Solid D,1,0,0
2018,House,NY-13,11/6/18,deluxe,1,0,Solid D,1,0,0
2018,House,NY-14,11/6/18,deluxe,1,0,Solid D,1,0,0
2018,House,NY-15,11/6/18,deluxe,1,0,Solid D,1,0,0
2018,House,NY-16,11/6/18,deluxe,1,0,Solid D,1,0,0
2018,House,NY-17,11/6/18,deluxe,.99993998,.000059999998,Solid D,1,0,0
2018,House,NY-18,11/6/18,deluxe,.99283999,.00716,Solid D,1,0,0
2018,House,NY-19,11/6/18,deluxe,.66864002,.33136001,Lean D,1,0,0
2018,House,NY-2,11/6/18,deluxe,.14817999,.85181999,Likely R,0,1,0
2018,House,NY-20,11/6/18,deluxe,.99993998,.000059999998,Solid D,1,0,0
2018,House,NY-21,11/6/18,deluxe,.058260001,.94173998,Likely R,0,1,0
2018,House,NY-22,11/6/18,deluxe,.60443997,.39556,Lean D,1,0,0
2018,House,NY-23,11/6/18,deluxe,.078599997,.92140001,Likely R,0,1,0
2018,House,NY-24,11/6/18,deluxe,.16506,.83494002,Likely R,0,1,0
2018,House,NY-25,11/6/18,deluxe,.99581999,.0041800002,Solid D,1,0,0
2018,House,NY-26,11/6/18,deluxe,.99997997,.000019999999,Solid D,1,0,0
2018,House,NY-27,11/6/18,deluxe,.20272,.79728001,Likely R,0,1,0
2018,House,NY-3,11/6/18,deluxe,.99724001,.0027600001,Solid D,1,0,0
2018,House,NY-4,11/6/18,deluxe,.99970001,.00030000001,Solid D,1,0,0
2018,House,NY-5,11/6/18,deluxe,1,0,Solid D,1,0,0
2018,House,NY-6,11/6/18,deluxe,.99997997,.000019999999,Solid D,1,0,0
2018,House,NY-7,11/6/18,deluxe,1,0,Solid D,1,0,0
2018,House,NY-8,11/6/18,deluxe,1,0,Solid D,1,0,0
2018,House,NY-9,11/6/18,deluxe,1,0,Solid D,1,0,0
2018,House,OH-1,11/6/18,deluxe,.17674001,.82326001,Likely R,0,1,0
2018,House,OH-10,11/6/18,deluxe,.058680002,.94132,Likely R,0,1,0
2018,House,OH-11,11/6/18,deluxe,1,0,Solid D,1,0,0
2018,House,OH-12,11/6/18,deluxe,.35174,.64826,Lean R,0,1,0
2018,House,OH-13,11/6/18,deluxe,.99989998,.000099999997,Solid D,1,0,0
2018,House,OH-14,11/6/18,deluxe,.12568,.87431997,Likely R,0,1,0
2018,House,OH-15,11/6/18,deluxe,.0135,.98650002,Safe R,0,1,0
2018,House,OH-16,11/6/18,deluxe,.02582,.97417998,Safe R,0,1,0
2018,House,OH-2,11/6/18,deluxe,.0082400003,.99176002,Safe R,0,1,0
2018,House,OH-3,11/6/18,deluxe,1,0,Solid D,1,0,0
2018,House,OH-4,11/6/18,deluxe,.0056400001,.99436003,Safe R,0,1,0
2018,House,OH-5,11/6/18,deluxe,.00104,.99896002,Safe R,0,1,0
2018,House,OH-6,11/6/18,deluxe,.000059999998,.99993998,Safe R,0,1,0
2018,House,OH-7,11/6/18,deluxe,.01532,.98468,Safe R,0,1,0
2018,House,OH-8,11/6/18,deluxe,.00012,.99988002,Safe R,0,1,0
2018,House,OH-9,11/6/18,deluxe,.99996001,.000039999999,Solid D,1,0,0
2018,House,OK-1,11/6/18,deluxe,.00122,.99878001,Safe R,0,1,0
2018,House,OK-2,11/6/18,deluxe,.00104,.99896002,Safe R,0,1,0
2018,House,OK-3,11/6/18,deluxe,0,1,Safe R,0,1,0
2018,House,OK-4,11/6/18,deluxe,.000059999998,.99993998,Safe R,0,1,0
2018,House,OK-5,11/6/18,deluxe,.066260003,.93374002,Likely R,1,0,0
2018,House,OR-1,11/6/18,deluxe,.99993998,.000059999998,Solid D,1,0,0
2018,House,OR-2,11/6/18,deluxe,.0059000002,.99409997,Safe R,0,1,0
2018,House,OR-3,11/6/18,deluxe,1,0,Solid D,1,0,0
2018,House,OR-4,11/6/18,deluxe,.99703997,.00296,Solid D,1,0,0
2018,House,OR-5,11/6/18,deluxe,.94227999,.057720002,Likely D,1,0,0
2018,House,PA-1,11/6/18,deluxe,.40623999,.59376001,Tossup (Tilt R),0,1,0
2018,House,PA-10,11/6/18,deluxe,.28753999,.71245998,Lean R,0,1,0
2018,House,PA-11,11/6/18,deluxe,.01694,.98306,Safe R,0,1,0
2018,House,PA-12,11/6/18,deluxe,.000099999997,.99989998,Safe R,0,1,0
2018,House,PA-13,11/6/18,deluxe,.00014,.99985999,Safe R,0,1,0
2018,House,PA-14,11/6/18,deluxe,.0104,.9896,Safe R,0,1,0
2018,House,PA-15,11/6/18,deluxe,0,1,Safe R,0,1,0
2018,House,PA-16,11/6/18,deluxe,.10962,.89038002,Likely R,0,1,0
2018,House,PA-17,11/6/18,deluxe,.96208,.037919998,Solid D,1,0,0
2018,House,PA-18,11/6/18,deluxe,1,0,Solid D,1,0,0
2018,House,PA-2,11/6/18,deluxe,1,0,Solid D,1,0,0
2018,House,PA-3,11/6/18,deluxe,1,0,Solid D,1,0,0
2018,House,PA-4,11/6/18,deluxe,.99948001,.00052,Solid D,1,0,0
2018,House,PA-5,11/6/18,deluxe,.99966002,.00034,Solid D,1,0,0
2018,House,PA-6,11/6/18,deluxe,.98967999,.01032,Solid D,1,0,0
2018,House,PA-7,11/6/18,deluxe,.93952,.060479999,Likely D,1,0,0
2018,House,PA-8,11/6/18,deluxe,.96623999,.03376,Solid D,1,0,0
2018,House,PA-9,11/6/18,deluxe,.00112,.99888003,Safe R,0,1,0
2018,House,RI-1,11/6/18,deluxe,.99997997,.000019999999,Solid D,1,0,0
2018,House,RI-2,11/6/18,deluxe,.99993998,.000059999998,Solid D,1,0,0
2018,House,SC-1,11/6/18,deluxe,.086319998,.91368002,Likely R,1,0,0
2018,House,SC-2,11/6/18,deluxe,.0042599998,.99574,Safe R,0,1,0
2018,House,SC-3,11/6/18,deluxe,.00047999999,.99952,Safe R,0,1,0
2018,House,SC-4,11/6/18,deluxe,.00012,.99988002,Safe R,0,1,0
2018,House,SC-5,11/6/18,deluxe,.0075599998,.99243999,Safe R,0,1,0
2018,House,SC-6,11/6/18,deluxe,1,0,Solid D,1,0,0
2018,House,SC-7,11/6/18,deluxe,.0041399999,.99585998,Safe R,0,1,0
2018,House,SD-1,11/6/18,deluxe,.0035999999,.9964,Safe R,0,1,0
2018,House,TN-1,11/6/18,deluxe,0,1,Safe R,0,1,0
2018,House,TN-2,11/6/18,deluxe,.000099999997,.99989998,Safe R,0,1,0
2018,House,TN-3,11/6/18,deluxe,.00046000001,.99953997,Safe R,0,1,0
2018,House,TN-4,11/6/18,deluxe,.0041399999,.99585998,Safe R,0,1,0
2018,House,TN-5,11/6/18,deluxe,.99993998,.000059999998,Solid D,1,0,0
2018,House,TN-6,11/6/18,deluxe,0,1,Safe R,0,1,0
2018,House,TN-7,11/6/18,deluxe,.000059999998,.99993998,Safe R,0,1,0
2018,House,TN-8,11/6/18,deluxe,.000079999998,.99992001,Safe R,0,1,0
2018,House,TN-9,11/6/18,deluxe,1,0,Solid D,1,0,0
2018,House,TX-1,11/6/18,deluxe,0,1,Safe R,0,1,0
2018,House,TX-10,11/6/18,deluxe,.0284,.9716,Safe R,0,1,0
2018,House,TX-11,11/6/18,deluxe,0,1,Safe R,0,1,0
2018,House,TX-12,11/6/18,deluxe,.000019999999,.99997997,Safe R,0,1,0
2018,House,TX-13,11/6/18,deluxe,0,1,Safe R,0,1,0
2018,House,TX-14,11/6/18,deluxe,.0054000001,.9946,Safe R,0,1,0
2018,House,TX-15,11/6/18,deluxe,.99978,.00022,Solid D,1,0,0
2018,House,TX-16,11/6/18,deluxe,.99997997,.000019999999,Solid D,1,0,0
2018,House,TX-17,11/6/18,deluxe,.00112,.99888003,Safe R,0,1,0
2018,House,TX-18,11/6/18,deluxe,1,0,Solid D,1,0,0
2018,House,TX-19,11/6/18,deluxe,0,1,Safe R,0,1,0
2018,House,TX-2,11/6/18,deluxe,.053959999,.94603997,Likely R,0,1,0
2018,House,TX-20,11/6/18,deluxe,.99997997,.000019999999,Solid D,1,0,0
2018,House,TX-21,11/6/18,deluxe,.094659999,.90534002,Likely R,0,1,0
2018,House,TX-22,11/6/18,deluxe,.11912,.88088,Likely R,0,1,0
2018,House,TX-23,11/6/18,deluxe,.20782,.79218,Likely R,0,1,0
2018,House,TX-24,11/6/18,deluxe,.01956,.98044002,Safe R,0,1,0
2018,House,TX-25,11/6/18,deluxe,.037500001,.96249998,Safe R,0,1,0
2018,House,TX-26,11/6/18,deluxe,.00039999999,.99959999,Safe R,0,1,0
2018,House,TX-27,11/6/18,deluxe,.00078,.99922001,Safe R,0,1,0
2018,House,TX-28,11/6/18,deluxe,.99992001,.000079999998,Solid D,1,0,0
2018,House,TX-29,11/6/18,deluxe,.99997997,.000019999999,Solid D,1,0,0
2018,House,TX-3,11/6/18,deluxe,.0052999998,.99470001,Safe R,0,1,0
2018,House,TX-30,11/6/18,deluxe,.99997997,.000019999999,Solid D,1,0,0
2018,House,TX-31,11/6/18,deluxe,.050980002,.94902003,Likely R,0,1,0
2018,House,TX-32,11/6/18,deluxe,.46254,.53746003,Tossup (Tilt R),1,0,0
2018,House,TX-33,11/6/18,deluxe,1,0,Solid D,1,0,0
2018,House,TX-34,11/6/18,deluxe,.99978,.00022,Solid D,1,0,0
2018,House,TX-35,11/6/18,deluxe,.99992001,.000079999998,Solid D,1,0,0
2018,House,TX-36,11/6/18,deluxe,.000019999999,.99997997,Safe R,0,1,0
2018,House,TX-4,11/6/18,deluxe,.000019999999,.99997997,Safe R,0,1,0
2018,House,TX-5,11/6/18,deluxe,.00038000001,.99962002,Safe R,0,1,0
2018,House,TX-6,11/6/18,deluxe,.03122,.96877998,Safe R,0,1,0
2018,House,TX-7,11/6/18,deluxe,.44659999,.55339998,Tossup (Tilt R),1,0,0
2018,House,TX-8,11/6/18,deluxe,0,1,Safe R,0,1,0
2018,House,TX-9,11/6/18,deluxe,1,0,Solid D,1,0,0
2018,House,UT-1,11/6/18,deluxe,.000079999998,.99992001,Safe R,0,1,0
2018,House,UT-2,11/6/18,deluxe,.0088200001,.99118,Safe R,0,1,0
2018,House,UT-3,11/6/18,deluxe,.000099999997,.99989998,Safe R,0,1,0
2018,House,UT-4,11/6/18,deluxe,.64204001,.35795999,Lean D,1,0,0
2018,House,VA-1,11/6/18,deluxe,.01392,.98607999,Safe R,0,1,0
2018,House,VA-10,11/6/18,deluxe,.88862002,.11138,Likely D,1,0,0
2018,House,VA-11,11/6/18,deluxe,1,0,Solid D,1,0,0
2018,House,VA-2,11/6/18,deluxe,.40597999,.59402001,Tossup (Tilt R),1,0,0
2018,House,VA-3,11/6/18,deluxe,1,0,Solid D,1,0,0
2018,House,VA-4,11/6/18,deluxe,.99966002,.00034,Solid D,1,0,0
2018,House,VA-5,11/6/18,deluxe,.29960001,.70039999,Lean R,0,1,0
2018,House,VA-6,11/6/18,deluxe,.0035399999,.99646002,Safe R,0,1,0
2018,House,VA-7,11/6/18,deluxe,.51999998,.47999999,Tossup (Tilt D),1,0,0
2018,House,VA-8,11/6/18,deluxe,1,0,Solid D,1,0,0
2018,House,VA-9,11/6/18,deluxe,.0058599999,.99414003,Safe R,0,1,0
2018,House,VT-1,11/6/18,deluxe,1,0,Solid D,1,0,0
2018,House,WA-1,11/6/18,deluxe,.99958003,.00042,Solid D,1,0,0
2018,House,WA-10,11/6/18,deluxe,.99967998,.00031999999,Solid D,1,0,0
2018,House,WA-2,11/6/18,deluxe,.99989998,.000099999997,Solid D,1,0,0
2018,House,WA-3,11/6/18,deluxe,.18612,.81388003,Likely R,0,1,0
2018,House,WA-4,11/6/18,deluxe,.0027399999,.99725997,Safe R,0,1,0
2018,House,WA-5,11/6/18,deluxe,.1816,.81840003,Likely R,0,1,0
2018,House,WA-6,11/6/18,deluxe,.99989998,.000099999997,Solid D,1,0,0
2018,House,WA-7,11/6/18,deluxe,1,0,Solid D,1,0,0
2018,House,WA-8,11/6/18,deluxe,.71546,.28454,Lean D,1,0,0
2018,House,WA-9,11/6/18,deluxe,1,0,Solid D,1,0,0
2018,House,WI-1,11/6/18,deluxe,.18894,.81106001,Likely R,0,1,0
2018,House,WI-2,11/6/18,deluxe,1,0,Solid D,1,0,0
2018,House,WI-3,11/6/18,deluxe,.99791998,.00208,Solid D,1,0,0
2018,House,WI-4,11/6/18,deluxe,1,0,Solid D,1,0,0
2018,House,WI-5,11/6/18,deluxe,.0066399998,.99335998,Safe R,0,1,0
2018,House,WI-6,11/6/18,deluxe,.02626,.97373998,Safe R,0,1,0
2018,House,WI-7,11/6/18,deluxe,.00382,.99618,Safe R,0,1,0
2018,House,WI-8,11/6/18,deluxe,.0033,.99669999,Safe R,0,1,0
2018,House,WV-1,11/6/18,deluxe,.00030000001,.99970001,Safe R,0,1,0
2018,House,WV-2,11/6/18,deluxe,.02716,.97284001,Safe R,0,1,0
2018,House,WV-3,11/6/18,deluxe,.096620001,.90337998,Likely R,0,1,0
2018,House,WY-1,11/6/18,deluxe,.00019999999,.99980003,Safe R,0,1,0
2018,Senate,AZ-S1,11/6/18,deluxe,.67162001,.32837999,Lean D,1,0,0
2018,Senate,CA-S1,11/6/18,deluxe,1,0,Solid D,1,0,0
2018,Senate,CT-S1,11/6/18,deluxe,.99830002,.0017,Solid D,1,0,0
2018,Senate,DE-S1,11/6/18,deluxe,.99937999,.00062000001,Solid D,1,0,0
2018,Senate,FL-S1,11/6/18,deluxe,.73163998,.26835999,Lean D,0,1,0
2018,Senate,HI-S1,11/6/18,deluxe,1,0,Solid D,1,0,0
2018,Senate,IN-S1,11/6/18,deluxe,.61721998,.38277999,Lean D,0,1,0
2018,Senate,MA-S1,11/6/18,deluxe,.99893999,.00106,Solid D,1,0,0
2018,Senate,MD-S1,11/6/18,deluxe,.99996001,.000039999999,Solid D,1,0,0
2018,Senate,ME-S1,11/6/18,deluxe,.99436003,.0056400001,Solid D,1,0,0
2018,Senate,MI-S1,11/6/18,deluxe,.98438001,.01562,Solid D,1,0,0
2018,Senate,MN-S1,11/6/18,deluxe,.99861997,.00138,Solid D,1,0,0
2018,Senate,MN-S2,11/6/18,deluxe,.93879998,.0612,Likely D,1,0,0
2018,Senate,MO-S1,11/6/18,deluxe,.47228,.52771997,Tossup (Tilt R),0,1,0
2018,Senate,MS-S1,11/6/18,deluxe,.0073000002,.99269998,Safe R,0,1,0
2018,Senate,MS-S2,11/6/18,deluxe,.24934,.75066,Likely R,0,1,0
2018,Senate,MT-S1,11/6/18,deluxe,.75941998,.24058001,Likely D,1,0,0
2018,Senate,ND-S1,11/6/18,deluxe,.23342,.76657999,Likely R,0,1,0
2018,Senate,NE-S1,11/6/18,deluxe,.01052,.98948002,Safe R,0,1,0
2018,Senate,NJ-S1,11/6/18,deluxe,.93796003,.062040001,Likely D,1,0,0
2018,Senate,NM-S1,11/6/18,deluxe,.99537998,.0046199998,Solid D,1,0,0
2018,Senate,NV-S1,11/6/18,deluxe,.63918,.36082,Lean D,1,0,0
2018,Senate,NY-S1,11/6/18,deluxe,.99975997,.00023999999,Solid D,1,0,0
2018,Senate,OH-S1,11/6/18,deluxe,.98203999,.017960001,Solid D,1,0,0
2018,Senate,PA-S1,11/6/18,deluxe,.98711997,.01288,Solid D,1,0,0
2018,Senate,RI-S1,11/6/18,deluxe,.99948001,.00052,Solid D,1,0,0
2018,Senate,TN-S1,11/6/18,deluxe,.20512,.79487997,Likely R,0,1,0
2018,Senate,TX-S1,11/6/18,deluxe,.18821999,.81177998,Likely R,0,1,0
2018,Senate,UT-S1,11/6/18,deluxe,.00063999998,.99936002,Safe R,0,1,0
2018,Senate,VA-S1,11/6/18,deluxe,.99379998,.0062000002,Solid D,1,0,0
2018,Senate,VT-S1,11/6/18,deluxe,1,0,Solid D,1,0,0
2018,Senate,WA-S1,11/6/18,deluxe,.99732,.0026799999,Solid D,1,0,0
2018,Senate,WI-S1,11/6/18,deluxe,.98593998,.01406,Solid D,1,0,0
2018,Senate,WV-S1,11/6/18,deluxe,.87309998,.1269,Likely D,1,0,0
2018,Senate,WY-S1,11/6/18,deluxe,.00023999999,.99975997,Safe R,0,1,0
2018,Governor,AK-G1,11/6/18,lite,.33284,.66715997,Lean R,0,1,0
2018,Governor,AL-G1,11/6/18,lite,.066679999,.93331999,Likely R,0,1,0
2018,Governor,AR-G1,11/6/18,lite,.00098000001,.99901998,Safe R,0,1,0
2018,Governor,AZ-G1,11/6/18,lite,.0077599999,.99224001,Safe R,0,1,0
2018,Governor,CA-G1,11/6/18,lite,.99382001,.00618,Solid D,1,0,0
2018,Governor,CO-G1,11/6/18,lite,.88748002,.11252,Likely D,1,0,0
2018,Governor,CT-G1,11/6/18,lite,.77873999,.22126,Likely D,1,0,0
2018,Governor,FL-G1,11/6/18,lite,.81283998,.18716,Likely D,0,1,0
2018,Governor,GA-G1,11/6/18,lite,.32124001,.67875999,Lean R,0,1,0
2018,Governor,HI-G1,11/6/18,lite,.9903,.0097000003,Solid D,1,0,0
2018,Governor,IA-G1,11/6/18,lite,.57779998,.42219999,Tossup (Tilt D),0,1,0
2018,Governor,ID-G1,11/6/18,lite,.06724,.93276,Likely R,0,1,0
2018,Governor,IL-G1,11/6/18,lite,.96579999,.034200002,Solid D,1,0,0
2018,Governor,KS-G1,11/6/18,lite,.53556001,.46408001,Tossup (Tilt D),1,0,0
2018,Governor,MA-G1,11/6/18,lite,.00094,.99905998,Safe R,0,1,0
2018,Governor,MD-G1,11/6/18,lite,.01518,.98482001,Safe R,0,1,0
2018,Governor,ME-G1,11/6/18,lite,.88789999,.1121,Likely D,1,0,0
2018,Governor,MI-G1,11/6/18,lite,.92732,.072679996,Likely D,1,0,0
2018,Governor,MN-G1,11/6/18,lite,.90388,.09612,Likely D,1,0,0
2018,Governor,NE-G1,11/6/18,lite,.01952,.98048002,Safe R,0,1,0
2018,Governor,NH-G1,11/6/18,lite,.23322,.76678002,Likely R,0,1,0
2018,Governor,NM-G1,11/6/18,lite,.92869997,.0713,Likely D,1,0,0
2018,Governor,NV-G1,11/6/18,lite,.52486002,.47514001,Tossup (Tilt D),1,0,0
2018,Governor,NY-G1,11/6/18,lite,.98382002,.016179999,Solid D,1,0,0
2018,Governor,OH-G1,11/6/18,lite,.6652,.3348,Lean D,0,1,0
2018,Governor,OK-G1,11/6/18,lite,.27983999,.72016001,Lean R,0,1,0
2018,Governor,OR-G1,11/6/18,lite,.69481999,.30518001,Lean D,1,0,0
2018,Governor,PA-G1,11/6/18,lite,.98830003,.0117,Solid D,1,0,0
2018,Governor,RI-G1,11/6/18,lite,.89701998,.10298,Likely D,1,0,0
2018,Governor,SC-G1,11/6/18,lite,.053800002,.94620001,Likely R,0,1,0
2018,Governor,SD-G1,11/6/18,lite,.55369997,.4463,Tossup (Tilt D),0,1,0
2018,Governor,TN-G1,11/6/18,lite,.0097000003,.9903,Safe R,0,1,0
2018,Governor,TX-G1,11/6/18,lite,.0033199999,.99668002,Safe R,0,1,0
2018,Governor,VT-G1,11/6/18,lite,.11912,.88088,Likely R,0,1,0
2018,Governor,WI-G1,11/6/18,lite,.70257998,.29742,Lean D,1,0,0
2018,Governor,WY-G1,11/6/18,lite,.0026,.99739999,Safe R,0,1,0
2018,House,AK-1,11/6/18,lite,.35640001,.64359999,Lean R,0,1,0
2018,House,AL-1,11/6/18,lite,.0040799999,.99592,Safe R,0,1,0
2018,House,AL-2,11/6/18,lite,.003,.99699998,Safe R,0,1,0
2018,House,AL-3,11/6/18,lite,.00232,.99768001,Safe R,0,1,0
2018,House,AL-4,11/6/18,lite,0,1,Safe R,0,1,0
2018,House,AL-5,11/6/18,lite,.0022,.99779999,Safe R,0,1,0
2018,House,AL-6,11/6/18,lite,.00014,.99985999,Safe R,0,1,0
2018,House,AL-7,11/6/18,lite,1,0,Solid D,1,0,0
2018,House,AR-1,11/6/18,lite,.0075400001,.99246001,Safe R,0,1,0
2018,House,AR-2,11/6/18,lite,.14364,.85636002,Likely R,0,1,0
2018,House,AR-3,11/6/18,lite,.01288,.98711997,Safe R,0,1,0
2018,House,AR-4,11/6/18,lite,.0096800001,.99032003,Safe R,0,1,0
2018,House,AZ-1,11/6/18,lite,.71565998,.28433999,Lean D,1,0,0
2018,House,AZ-2,11/6/18,lite,.87092,.12908,Likely D,1,0,0
2018,House,AZ-3,11/6/18,lite,.99963999,.00036000001,Solid D,1,0,0
2018,House,AZ-4,11/6/18,lite,.0025200001,.99747998,Safe R,0,1,0
2018,House,AZ-5,11/6/18,lite,.0079399999,.99206001,Safe R,0,1,0
2018,House,AZ-6,11/6/18,lite,.055520002,.94448,Likely R,0,1,0
2018,House,AZ-7,11/6/18,lite,.99997997,.000019999999,Solid D,1,0,0
2018,House,AZ-8,11/6/18,lite,.094860002,.90513998,Likely R,0,1,0
2018,House,AZ-9,11/6/18,lite,.96171999,.038279999,Solid D,1,0,0
2018,House,CA-1,11/6/18,lite,.02352,.97648001,Safe R,0,1,0
2018,House,CA-10,11/6/18,lite,.60883999,.39116001,Lean D,1,0,0
2018,House,CA-11,11/6/18,lite,1,0,Solid D,1,0,0
2018,House,CA-12,11/6/18,lite,1,0,Solid D,1,0,0
2018,House,CA-13,11/6/18,lite,.99997997,.000019999999,Solid D,1,0,0
2018,House,CA-14,11/6/18,lite,1,0,Solid D,1,0,0
2018,House,CA-15,11/6/18,lite,1,0,Solid D,1,0,0
2018,House,CA-16,11/6/18,lite,.94941998,.050579999,Likely D,1,0,0
2018,House,CA-17,11/6/18,lite,1,0,Solid D,1,0,0
2018,House,CA-18,11/6/18,lite,1,0,Solid D,1,0,0
2018,House,CA-19,11/6/18,lite,.99997997,.000019999999,Solid D,1,0,0
2018,House,CA-2,11/6/18,lite,1,0,Solid D,1,0,0
2018,House,CA-20,11/6/18,lite,.99988002,.00012,Solid D,1,0,0
2018,House,CA-21,11/6/18,lite,.27579999,.72420001,Lean R,1,0,1
2018,House,CA-22,11/6/18,lite,.09922,.90078002,Likely R,0,1,0
2018,House,CA-23,11/6/18,lite,.0054799998,.99452001,Safe R,0,1,0
2018,House,CA-24,11/6/18,lite,.94812,.051879998,Likely D,1,0,0
2018,House,CA-25,11/6/18,lite,.31865999,.68133998,Lean R,1,0,0
2018,House,CA-26,11/6/18,lite,.99844003,.00156,Solid D,1,0,0
2018,House,CA-27,11/6/18,lite,1,0,Solid D,1,0,0
2018,House,CA-28,11/6/18,lite,1,0,Solid D,1,0,0
2018,House,CA-29,11/6/18,lite,1,0,Solid D,1,0,0
2018,House,CA-3,11/6/18,lite,.99607998,.00392,Solid D,1,0,0
2018,House,CA-30,11/6/18,lite,.99997997,.000019999999,Solid D,1,0,0
2018,House,CA-31,11/6/18,lite,.99874002,.00126,Solid D,1,0,0
2018,House,CA-32,11/6/18,lite,.99993998,.000059999998,Solid D,1,0,0
2018,House,CA-33,11/6/18,lite,.99996001,.000039999999,Solid D,1,0,0
2018,House,CA-34,11/6/18,lite,.99993998,.000059999998,Solid D,1,0,0
2018,House,CA-35,11/6/18,lite,.99996001,.000039999999,Solid D,1,0,0
2018,House,CA-36,11/6/18,lite,.98582,.01418,Solid D,1,0,0
2018,House,CA-37,11/6/18,lite,1,0,Solid D,1,0,0
2018,House,CA-38,11/6/18,lite,.99993998,.000059999998,Solid D,1,0,0
2018,House,CA-39,11/6/18,lite,.43996,.56004,Tossup (Tilt R),1,0,0
2018,House,CA-4,11/6/18,lite,.16351999,.83648002,Likely R,0,1,0
2018,House,CA-40,11/6/18,lite,.99981999,.00018,Solid D,1,0,0
2018,House,CA-41,11/6/18,lite,.99967998,.00031999999,Solid D,1,0,0
2018,House,CA-42,11/6/18,lite,.0405,.95950001,Safe R,0,1,0
2018,House,CA-43,11/6/18,lite,1,0,Solid D,1,0,0
2018,House,CA-44,11/6/18,lite,1,0,Solid D,1,0,0
2018,House,CA-45,11/6/18,lite,.53060001,.46939999,Tossup (Tilt D),1,0,0
2018,House,CA-46,11/6/18,lite,.99988002,.00012,Solid D,1,0,0
2018,House,CA-47,11/6/18,lite,.99981999,.00018,Solid D,1,0,0
2018,House,CA-48,11/6/18,lite,.41652,.58348,Tossup (Tilt R),1,0,0
2018,House,CA-49,11/6/18,lite,.92540002,.074600004,Likely D,1,0,0
2018,House,CA-5,11/6/18,lite,.99989998,.000099999997,Solid D,1,0,0
2018,House,CA-50,11/6/18,lite,.26050001,.73949999,Lean R,0,1,0
2018,House,CA-51,11/6/18,lite,1,0,Solid D,1,0,0
2018,House,CA-52,11/6/18,lite,.99893999,.00106,Solid D,1,0,0
2018,House,CA-53,11/6/18,lite,.99989998,.000099999997,Solid D,1,0,0
2018,House,CA-6,11/6/18,lite,1,0,Solid D,1,0,0
2018,House,CA-7,11/6/18,lite,.96806002,.031939998,Solid D,1,0,0
2018,House,CA-8,11/6/18,lite,0,1,Safe R,0,1,0
2018,House,CA-9,11/6/18,lite,.99838001,.00162,Solid D,1,0,0
2018,House,CO-1,11/6/18,lite,.99997997,.000019999999,Solid D,1,0,0
2018,House,CO-2,11/6/18,lite,.99599999,.0040000002,Solid D,1,0,0
2018,House,CO-3,11/6/18,lite,.10806,.89194,Likely R,0,1,0
2018,House,CO-4,11/6/18,lite,.01288,.98711997,Safe R,0,1,0
2018,House,CO-5,11/6/18,lite,.01028,.98971999,Safe R,0,1,0
2018,House,CO-6,11/6/18,lite,.87643999,.12356,Likely D,1,0,0
2018,House,CO-7,11/6/18,lite,.99708003,.0029200001,Solid D,1,0,0
2018,House,CT-1,11/6/18,lite,.99971998,.00028000001,Solid D,1,0,0
2018,House,CT-2,11/6/18,lite,.99554002,.00446,Solid D,1,0,0
2018,House,CT-3,11/6/18,lite,.99923998,.00076000002,Solid D,1,0,0
2018,House,CT-4,11/6/18,lite,.99945998,.00053999998,Solid D,1,0,0
2018,House,CT-5,11/6/18,lite,.92189997,.078100003,Likely D,1,0,0
2018,House,DE-1,11/6/18,lite,.98562002,.01438,Solid D,1,0,0
2018,House,FL-1,11/6/18,lite,.000099999997,.99989998,Safe R,0,1,0
2018,House,FL-10,11/6/18,lite,1,0,Solid D,1,0,0
2018,House,FL-11,11/6/18,lite,.00226,.99773997,Safe R,0,1,0
2018,House,FL-12,11/6/18,lite,.047219999,.95278001,Safe R,0,1,0
2018,House,FL-13,11/6/18,lite,.98580003,.0142,Solid D,1,0,0
2018,House,FL-14,11/6/18,lite,1,0,Solid D,1,0,0
2018,House,FL-15,11/6/18,lite,.44233999,.55765998,Tossup (Tilt R),0,1,0
2018,House,FL-16,11/6/18,lite,.15391999,.84608001,Likely R,0,1,0
2018,House,FL-17,11/6/18,lite,.036219999,.96377999,Safe R,0,1,0
2018,House,FL-18,11/6/18,lite,.12926,.87074,Likely R,0,1,0
2018,House,FL-19,11/6/18,lite,.051860001,.94814003,Likely R,0,1,0
2018,House,FL-2,11/6/18,lite,.00083999999,.99915999,Safe R,0,1,0
2018,House,FL-20,11/6/18,lite,1,0,Solid D,1,0,0
2018,House,FL-21,11/6/18,lite,1,0,Solid D,1,0,0
2018,House,FL-22,11/6/18,lite,.99699998,.003,Solid D,1,0,0
2018,House,FL-23,11/6/18,lite,.99953997,.00046000001,Solid D,1,0,0
2018,House,FL-24,11/6/18,lite,1,0,Solid D,1,0,0
2018,House,FL-25,11/6/18,lite,.20810001,.79189998,Likely R,0,1,0
2018,House,FL-26,11/6/18,lite,.4883,.51169997,Tossup (Tilt R),1,0,0
2018,House,FL-27,11/6/18,lite,.6541,.3459,Lean D,1,0,0
2018,House,FL-3,11/6/18,lite,.028100001,.97189999,Safe R,0,1,0
2018,House,FL-4,11/6/18,lite,.00196,.99804002,Safe R,0,1,0
2018,House,FL-5,11/6/18,lite,.99975997,.00023999999,Solid D,1,0,0
2018,House,FL-6,11/6/18,lite,.31614,.68386,Lean R,0,1,0
2018,House,FL-7,11/6/18,lite,.83481997,.16518,Likely D,1,0,0
2018,House,FL-8,11/6/18,lite,.01616,.98383999,Safe R,0,1,0
2018,House,FL-9,11/6/18,lite,.90278,.097220004,Likely D,1,0,0
2018,House,GA-1,11/6/18,lite,.020919999,.97908002,Safe R,0,1,0
2018,House,GA-10,11/6/18,lite,.0025800001,.99742001,Safe R,0,1,0
2018,House,GA-11,11/6/18,lite,.00184,.99816,Safe R,0,1,0
2018,House,GA-12,11/6/18,lite,.027000001,.97299999,Safe R,0,1,0
2018,House,GA-13,11/6/18,lite,.99993998,.000059999998,Solid D,1,0,0
2018,House,GA-14,11/6/18,lite,.000019999999,.99997997,Safe R,0,1,0
2018,House,GA-2,11/6/18,lite,.9964,.0035999999,Solid D,1,0,0
2018,House,GA-3,11/6/18,lite,.00062000001,.99937999,Safe R,0,1,0
2018,House,GA-4,11/6/18,lite,1,0,Solid D,1,0,0
2018,House,GA-5,11/6/18,lite,1,0,Solid D,1,0,0
2018,House,GA-6,11/6/18,lite,.56794,.43206,Tossup (Tilt D),1,0,0
2018,House,GA-7,11/6/18,lite,.089419998,.91057998,Likely R,0,1,0
2018,House,GA-8,11/6/18,lite,0,1,Safe R,0,1,0
2018,House,GA-9,11/6/18,lite,.000019999999,.99997997,Safe R,0,1,0
2018,House,HI-1,11/6/18,lite,.99962002,.00038000001,Solid D,1,0,0
2018,House,HI-2,11/6/18,lite,1,0,Solid D,1,0,0
2018,House,IA-1,11/6/18,lite,.89014,.10986,Likely D,1,0,0
2018,House,IA-2,11/6/18,lite,.96130002,.038699999,Solid D,1,0,0
2018,House,IA-3,11/6/18,lite,.59487998,.40511999,Tossup (Tilt D),1,0,0
2018,House,IA-4,11/6/18,lite,.18404,.81595999,Likely R,0,1,0
2018,House,ID-1,11/6/18,lite,.072099999,.92790002,Likely R,0,1,0
2018,House,ID-2,11/6/18,lite,.02124,.97876,Safe R,0,1,0
2018,House,IL-1,11/6/18,lite,1,0,Solid D,1,0,0
2018,House,IL-10,11/6/18,lite,.99974,.00026,Solid D,1,0,0
2018,House,IL-11,11/6/18,lite,.99936002,.00063999998,Solid D,1,0,0
2018,House,IL-12,11/6/18,lite,.17364,.82635999,Likely R,0,1,0
2018,House,IL-13,11/6/18,lite,.2192,.78079998,Likely R,0,1,0
2018,House,IL-14,11/6/18,lite,.63988,.36012,Lean D,1,0,0
2018,House,IL-15,11/6/18,lite,.00022,.99978,Safe R,0,1,0
2018,House,IL-16,11/6/18,lite,.056480002,.94352001,Likely R,0,1,0
2018,House,IL-17,11/6/18,lite,.99236,.00764,Solid D,1,0,0
2018,House,IL-18,11/6/18,lite,.0051799999,.99482,Safe R,0,1,0
2018,House,IL-2,11/6/18,lite,1,0,Solid D,1,0,0
2018,House,IL-3,11/6/18,lite,.99760002,.0024000001,Solid D,1,0,0
2018,House,IL-4,11/6/18,lite,1,0,Solid D,1,0,0
2018,House,IL-5,11/6/18,lite,1,0,Solid D,1,0,0
2018,House,IL-6,11/6/18,lite,.54684001,.45315999,Tossup (Tilt D),1,0,0
2018,House,IL-7,11/6/18,lite,1,0,Solid D,1,0,0
2018,House,IL-8,11/6/18,lite,.99901998,.00098000001,Solid D,1,0,0
2018,House,IL-9,11/6/18,lite,.99997997,.000019999999,Solid D,1,0,0
2018,House,IN-1,11/6/18,lite,.99874002,.00126,Solid D,1,0,0
2018,House,IN-2,11/6/18,lite,.027319999,.97267997,Safe R,0,1,0
2018,House,IN-3,11/6/18,lite,.02386,.97614002,Safe R,0,1,0
2018,House,IN-4,11/6/18,lite,.01922,.98078001,Safe R,0,1,0
2018,House,IN-5,11/6/18,lite,.17048,.82951999,Likely R,0,1,0
2018,House,IN-6,11/6/18,lite,.01022,.98978001,Safe R,0,1,0
2018,House,IN-7,11/6/18,lite,.99981999,.00018,Solid D,1,0,0
2018,House,IN-8,11/6/18,lite,.0041200002,.99588001,Safe R,0,1,0
2018,House,IN-9,11/6/18,lite,.099140003,.90086001,Likely R,0,1,0
2018,House,KS-1,11/6/18,lite,.01156,.98843998,Safe R,0,1,0
2018,House,KS-2,11/6/18,lite,.50287998,.49711999,Tossup (Tilt D),0,1,0
2018,House,KS-3,11/6/18,lite,.88944,.11056,Likely D,1,0,0
2018,House,KS-4,11/6/18,lite,.0071800002,.99282002,Safe R,0,1,0
2018,House,KY-1,11/6/18,lite,.00052,.99948001,Safe R,0,1,0
2018,House,KY-2,11/6/18,lite,.0029,.9971,Safe R,0,1,0
2018,House,KY-3,11/6/18,lite,.99967998,.00031999999,Solid D,1,0,0
2018,House,KY-4,11/6/18,lite,.0052,.99479997,Safe R,0,1,0
2018,House,KY-5,11/6/18,lite,.000039999999,.99996001,Safe R,0,1,0
2018,House,KY-6,11/6/18,lite,.52098,.47902,Tossup (Tilt D),0,1,0
2018,House,LA-1,11/6/18,lite,.000099999997,.99989998,Safe R,0,1,0
2018,House,LA-2,11/6/18,lite,1,0,Solid D,1,0,0
2018,House,LA-3,11/6/18,lite,.00168,.99831998,Safe R,0,1,0
2018,House,LA-4,11/6/18,lite,.01946,.98053998,Safe R,0,1,0
2018,House,LA-5,11/6/18,lite,.0063200002,.99368,Safe R,0,1,0
2018,House,LA-6,11/6/18,lite,.00069999998,.9993,Safe R,0,1,0
2018,House,MA-1,11/6/18,lite,1,0,Solid D,1,0,0
2018,House,MA-2,11/6/18,lite,.99974,.00026,Solid D,1,0,0
2018,House,MA-3,11/6/18,lite,.99861997,.00138,Solid D,1,0,0
2018,House,MA-4,11/6/18,lite,1,0,Solid D,1,0,0
2018,House,MA-5,11/6/18,lite,1,0,Solid D,1,0,0
2018,House,MA-6,11/6/18,lite,.99967998,.00031999999,Solid D,1,0,0
2018,House,MA-7,11/6/18,lite,1,0,Solid D,1,0,0
2018,House,MA-8,11/6/18,lite,1,0,Solid D,1,0,0
2018,House,MA-9,11/6/18,lite,.99912,.00088000001,Solid D,1,0,0
2018,House,MD-1,11/6/18,lite,.00612,.99387997,Safe R,0,1,0
2018,House,MD-2,11/6/18,lite,.99971998,.00028000001,Solid D,1,0,0
2018,House,MD-3,11/6/18,lite,.99988002,.00012,Solid D,1,0,0
2018,House,MD-4,11/6/18,lite,1,0,Solid D,1,0,0
2018,House,MD-5,11/6/18,lite,.99989998,.000099999997,Solid D,1,0,0
2018,House,MD-6,11/6/18,lite,.98666,.01334,Solid D,1,0,0
2018,House,MD-7,11/6/18,lite,1,0,Solid D,1,0,0
2018,House,MD-8,11/6/18,lite,.99993998,.000059999998,Solid D,1,0,0
2018,House,ME-1,11/6/18,lite,.99769998,.0023000001,Solid D,1,0,0
2018,House,ME-2,11/6/18,lite,.55277997,.44722,Tossup (Tilt D),1,0,0
2018,House,MI-1,11/6/18,lite,.08348,.91652,Likely R,0,1,0
2018,House,MI-10,11/6/18,lite,.01174,.98825997,Safe R,0,1,0
2018,House,MI-11,11/6/18,lite,.75774002,.24225999,Likely D,1,0,0
2018,House,MI-12,11/6/18,lite,.99993998,.000059999998,Solid D,1,0,0
2018,House,MI-13,11/6/18,lite,1,0,Solid D,1,0,0
2018,House,MI-14,11/6/18,lite,1,0,Solid D,1,0,0
2018,House,MI-2,11/6/18,lite,.13378,.86622,Likely R,0,1,0
2018,House,MI-3,11/6/18,lite,.20572001,.79427999,Likely R,0,1,0
2018,House,MI-4,11/6/18,lite,.039919998,.96008003,Safe R,0,1,0
2018,House,MI-5,11/6/18,lite,.99725997,.0027399999,Solid D,1,0,0
2018,House,MI-6,11/6/18,lite,.3529,.64709997,Lean R,0,1,0
2018,House,MI-7,11/6/18,lite,.22341999,.77657998,Likely R,0,1,0
2018,House,MI-8,11/6/18,lite,.64462,.35538,Lean D,1,0,0
2018,House,MI-9,11/6/18,lite,.97710001,.0229,Solid D,1,0,0
2018,House,MN-1,11/6/18,lite,.48249999,.51749998,Tossup (Tilt R),0,1,0
2018,House,MN-2,11/6/18,lite,.80800003,.192,Likely D,1,0,0
2018,House,MN-3,11/6/18,lite,.84615999,.15384001,Likely D,1,0,0
2018,House,MN-4,11/6/18,lite,.99993998,.000059999998,Solid D,1,0,0
2018,House,MN-5,11/6/18,lite,1,0,Solid D,1,0,0
2018,House,MN-6,11/6/18,lite,.020780001,.97921997,Safe R,0,1,0
2018,House,MN-7,11/6/18,lite,.69528002,.30472001,Lean D,1,0,0
2018,House,MN-8,11/6/18,lite,.089019999,.91097999,Likely R,0,1,0
2018,House,MO-1,11/6/18,lite,1,0,Solid D,1,0,0
2018,House,MO-2,11/6/18,lite,.2333,.76670003,Likely R,0,1,0
2018,House,MO-3,11/6/18,lite,.00106,.99893999,Safe R,0,1,0
2018,House,MO-4,11/6/18,lite,.00092000002,.99908,Safe R,0,1,0
2018,House,MO-5,11/6/18,lite,.99834001,.00166,Solid D,1,0,0
2018,House,MO-6,11/6/18,lite,.0037,.99629998,Safe R,0,1,0
2018,House,MO-7,11/6/18,lite,.00023999999,.99975997,Safe R,0,1,0
2018,House,MO-8,11/6/18,lite,.000079999998,.99992001,Safe R,0,1,0
2018,House,MS-1,11/6/18,lite,.01188,.98812002,Safe R,0,1,0
2018,House,MS-2,11/6/18,lite,.99864,.00136,Solid D,1,0,0
2018,House,MS-3,11/6/18,lite,.047139999,.95286,Safe R,0,1,0
2018,House,MS-4,11/6/18,lite,.0222,.97780001,Safe R,0,1,0
2018,House,MT-1,11/6/18,lite,.26082,.73918003,Lean R,0,1,0
2018,House,NC-1,11/6/18,lite,1,0,Solid D,1,0,0
2018,House,NC-10,11/6/18,lite,.01266,.98733997,Safe R,0,1,0
2018,House,NC-11,11/6/18,lite,.00746,.99254,Safe R,0,1,0
2018,House,NC-12,11/6/18,lite,1,0,Solid D,1,0,0
2018,House,NC-13,11/6/18,lite,.34560001,.65439999,Lean R,0,1,0
2018,House,NC-2,11/6/18,lite,.12154,.87845999,Likely R,0,1,0
2018,House,NC-3,11/6/18,lite,0,1,Safe R,0,1,0
2018,House,NC-4,11/6/18,lite,.99996001,.000039999999,Solid D,1,0,0
2018,House,NC-5,11/6/18,lite,.042599998,.95740002,Safe R,0,1,0
2018,House,NC-6,11/6/18,lite,.067720003,.93228,Likely R,0,1,0
2018,House,NC-7,11/6/18,lite,.24386001,.75613999,Likely R,0,1,0
2018,House,NC-8,11/6/18,lite,.064960003,.93504,Likely R,0,1,0
2018,House,NC-9,11/6/18,lite,.48168001,.51832002,Tossup (Tilt R),0,1,1
2018,House,ND-1,11/6/18,lite,.0042400002,.99576002,Safe R,0,1,0
2018,House,NE-1,11/6/18,lite,.0297,.97030002,Safe R,0,1,0
2018,House,NE-2,11/6/18,lite,.19022,.80978,Likely R,0,1,0
2018,House,NE-3,11/6/18,lite,.00016,.99984002,Safe R,0,1,0
2018,House,NH-1,11/6/18,lite,.84498,.15502,Likely D,1,0,0
2018,House,NH-2,11/6/18,lite,.99184,.0081599997,Solid D,1,0,0
2018,House,NJ-1,11/6/18,lite,.99992001,.000079999998,Solid D,1,0,0
2018,House,NJ-10,11/6/18,lite,1,0,Solid D,1,0,0
2018,House,NJ-11,11/6/18,lite,.83372003,.16628,Likely D,1,0,0
2018,House,NJ-12,11/6/18,lite,.99996001,.000039999999,Solid D,1,0,0
2018,House,NJ-2,11/6/18,lite,.97000003,.029999999,Solid D,1,0,0
2018,House,NJ-3,11/6/18,lite,.55471998,.44527999,Tossup (Tilt D),1,0,0
2018,House,NJ-4,11/6/18,lite,.1002,.8998,Likely R,0,1,0
2018,House,NJ-5,11/6/18,lite,.92510003,.074900001,Likely D,1,0,0
2018,House,NJ-6,11/6/18,lite,.99922001,.00078,Solid D,1,0,0
2018,House,NJ-7,11/6/18,lite,.75700003,.243,Likely D,1,0,0
2018,House,NJ-8,11/6/18,lite,1,0,Solid D,1,0,0
2018,House,NJ-9,11/6/18,lite,.99988002,.00012,Solid D,1,0,0
2018,House,NM-1,11/6/18,lite,.94774002,.05226,Likely D,1,0,0
2018,House,NM-2,11/6/18,lite,.44758001,.55242002,Tossup (Tilt R),1,0,0
2018,House,NM-3,11/6/18,lite,.99800003,.0020000001,Solid D,1,0,0
2018,House,NV-1,11/6/18,lite,.99871999,.00128,Solid D,1,0,0
2018,House,NV-2,11/6/18,lite,.028379999,.97162002,Safe R,0,1,0
2018,House,NV-3,11/6/18,lite,.81344002,.18656,Likely D,1,0,0
2018,House,NV-4,11/6/18,lite,.72109997,.2789,Lean D,1,0,0
2018,House,NY-1,11/6/18,lite,.063780002,.93621999,Likely R,0,1,0
2018,House,NY-10,11/6/18,lite,1,0,Solid D,1,0,0
2018,House,NY-11,11/6/18,lite,.24998,.75002003,Likely R,1,0,0
2018,House,NY-12,11/6/18,lite,1,0,Solid D,1,0,0
2018,House,NY-13,11/6/18,lite,1,0,Solid D,1,0,0
2018,House,NY-14,11/6/18,lite,1,0,Solid D,1,0,0
2018,House,NY-15,11/6/18,lite,1,0,Solid D,1,0,0
2018,House,NY-16,11/6/18,lite,1,0,Solid D,1,0,0
2018,House,NY-17,11/6/18,lite,.99993998,.000059999998,Solid D,1,0,0
2018,House,NY-18,11/6/18,lite,.98030001,.0197,Solid D,1,0,0
2018,House,NY-19,11/6/18,lite,.58807999,.41192001,Tossup (Tilt D),1,0,0
2018,House,NY-2,11/6/18,lite,.26446,.73553997,Lean R,0,1,0
2018,House,NY-20,11/6/18,lite,.99914002,.00085999997,Solid D,1,0,0
2018,House,NY-21,11/6/18,lite,.28207999,.71792001,Lean R,0,1,0
2018,House,NY-22,11/6/18,lite,.43825999,.56173998,Tossup (Tilt R),1,0,0
2018,House,NY-23,11/6/18,lite,.27647999,.72351998,Lean R,0,1,0
2018,House,NY-24,11/6/18,lite,.13014001,.86985999,Likely R,0,1,0
2018,House,NY-25,11/6/18,lite,.96241999,.037579998,Solid D,1,0,0
2018,House,NY-26,11/6/18,lite,.99971998,.00028000001,Solid D,1,0,0
2018,House,NY-27,11/6/18,lite,.26036,.73964,Lean R,0,1,0
2018,House,NY-3,11/6/18,lite,.99074,.0092599997,Solid D,1,0,0
2018,House,NY-4,11/6/18,lite,.99629998,.0037,Solid D,1,0,0
2018,House,NY-5,11/6/18,lite,1,0,Solid D,1,0,0
2018,House,NY-6,11/6/18,lite,.99997997,.000019999999,Solid D,1,0,0
2018,House,NY-7,11/6/18,lite,1,0,Solid D,1,0,0
2018,House,NY-8,11/6/18,lite,1,0,Solid D,1,0,0
2018,House,NY-9,11/6/18,lite,1,0,Solid D,1,0,0
2018,House,OH-1,11/6/18,lite,.18378,.81621999,Likely R,0,1,0
2018,House,OH-10,11/6/18,lite,.24600001,.75400001,Likely R,0,1,0
2018,House,OH-11,11/6/18,lite,1,0,Solid D,1,0,0
2018,House,OH-12,11/6/18,lite,.31373999,.68625998,Lean R,0,1,0
2018,House,OH-13,11/6/18,lite,.99826002,.00174,Solid D,1,0,0
2018,House,OH-14,11/6/18,lite,.18456,.81544,Likely R,0,1,0
2018,House,OH-15,11/6/18,lite,.10336,.89664,Likely R,0,1,0
2018,House,OH-16,11/6/18,lite,.33338001,.66662002,Lean R,0,1,0
2018,House,OH-2,11/6/18,lite,.073639996,.92636001,Likely R,0,1,0
2018,House,OH-3,11/6/18,lite,.99997997,.000019999999,Solid D,1,0,0
2018,House,OH-4,11/6/18,lite,.00868,.99132001,Safe R,0,1,0
2018,House,OH-5,11/6/18,lite,.021740001,.97825998,Safe R,0,1,0
2018,House,OH-6,11/6/18,lite,.00214,.99786001,Safe R,0,1,0
2018,House,OH-7,11/6/18,lite,.05308,.94691998,Likely R,0,1,0
2018,House,OH-8,11/6/18,lite,.0022,.99779999,Safe R,0,1,0
2018,House,OH-9,11/6/18,lite,.99989998,.000099999997,Solid D,1,0,0
2018,House,OK-1,11/6/18,lite,.037379999,.96262002,Safe R,0,1,0
2018,House,OK-2,11/6/18,lite,.01692,.98308003,Safe R,0,1,0
2018,House,OK-3,11/6/18,lite,.0017199999,.99827999,Safe R,0,1,0
2018,House,OK-4,11/6/18,lite,.0043799998,.99562001,Safe R,0,1,0
2018,House,OK-5,11/6/18,lite,.076159999,.92383999,Likely R,1,0,0
2018,House,OR-1,11/6/18,lite,.99970001,.00030000001,Solid D,1,0,0
2018,House,OR-2,11/6/18,lite,.072659999,.92733997,Likely R,0,1,0
2018,House,OR-3,11/6/18,lite,1,0,Solid D,1,0,0
2018,House,OR-4,11/6/18,lite,.98900002,.011,Solid D,1,0,0
2018,House,OR-5,11/6/18,lite,.51282001,.48717999,Tossup (Tilt D),1,0,0
2018,House,PA-1,11/6/18,lite,.52829999,.47167999,Tossup (Tilt D),0,1,0
2018,House,PA-10,11/6/18,lite,.32721999,.67277998,Lean R,0,1,0
2018,House,PA-11,11/6/18,lite,.081600003,.91839999,Likely R,0,1,0
2018,House,PA-12,11/6/18,lite,.00208,.99791998,Safe R,0,1,0
2018,House,PA-13,11/6/18,lite,.0076600001,.99234003,Safe R,0,1,0
2018,House,PA-14,11/6/18,lite,.0603,.93970001,Likely R,0,1,0
2018,House,PA-15,11/6/18,lite,.00078,.99922001,Safe R,0,1,0
2018,House,PA-16,11/6/18,lite,.32427999,.67571998,Lean R,0,1,0
2018,House,PA-17,11/6/18,lite,.88271999,.11728,Likely D,1,0,0
2018,House,PA-18,11/6/18,lite,1,0,Solid D,1,0,0
2018,House,PA-2,11/6/18,lite,1,0,Solid D,1,0,0
2018,House,PA-3,11/6/18,lite,1,0,Solid D,1,0,0
2018,House,PA-4,11/6/18,lite,.99463999,.0053599998,Solid D,1,0,0
2018,House,PA-5,11/6/18,lite,.99918002,.00082000002,Solid D,1,0,0
2018,House,PA-6,11/6/18,lite,.96204001,.03796,Solid D,1,0,0
2018,House,PA-7,11/6/18,lite,.89393997,.10606,Likely D,1,0,0
2018,House,PA-8,11/6/18,lite,.97163999,.02836,Solid D,1,0,0
2018,House,PA-9,11/6/18,lite,.03472,.96528,Safe R,0,1,0
2018,House,RI-1,11/6/18,lite,.99996001,.000039999999,Solid D,1,0,0
2018,House,RI-2,11/6/18,lite,.99948001,.00052,Solid D,1,0,0
2018,House,SC-1,11/6/18,lite,.20036,.79964,Likely R,1,0,0
2018,House,SC-2,11/6/18,lite,.0211,.97890002,Safe R,0,1,0
2018,House,SC-3,11/6/18,lite,.00083999999,.99915999,Safe R,0,1,0
2018,House,SC-4,11/6/18,lite,.0221,.97790003,Safe R,0,1,0
2018,House,SC-5,11/6/18,lite,.02592,.97408003,Safe R,0,1,0
2018,House,SC-6,11/6/18,lite,.99996001,.000039999999,Solid D,1,0,0
2018,House,SC-7,11/6/18,lite,.02778,.97222,Safe R,0,1,0
2018,House,SD-1,11/6/18,lite,.0147,.9853,Safe R,0,1,0
2018,House,TN-1,11/6/18,lite,.000039999999,.99996001,Safe R,0,1,0
2018,House,TN-2,11/6/18,lite,.0038000001,.99620003,Safe R,0,1,0
2018,House,TN-3,11/6/18,lite,.0011399999,.99886,Safe R,0,1,0
2018,House,TN-4,11/6/18,lite,.00060000003,.99940002,Safe R,0,1,0
2018,House,TN-5,11/6/18,lite,.99892002,.00108,Solid D,1,0,0
2018,House,TN-6,11/6/18,lite,.00039999999,.99959999,Safe R,0,1,0
2018,House,TN-7,11/6/18,lite,.00346,.99654001,Safe R,0,1,0
2018,House,TN-8,11/6/18,lite,.00069999998,.9993,Safe R,0,1,0
2018,House,TN-9,11/6/18,lite,1,0,Solid D,1,0,0
2018,House,TX-1,11/6/18,lite,.000079999998,.99992001,Safe R,0,1,0
2018,House,TX-10,11/6/18,lite,.14304,.85696,Likely R,0,1,0
2018,House,TX-11,11/6/18,lite,0,1,Safe R,0,1,0
2018,House,TX-12,11/6/18,lite,.0014,.99860001,Safe R,0,1,0
2018,House,TX-13,11/6/18,lite,0,1,Safe R,0,1,0
2018,House,TX-14,11/6/18,lite,.00728,.99272001,Safe R,0,1,0
2018,House,TX-15,11/6/18,lite,.9939,.0060999999,Solid D,1,0,0
2018,House,TX-16,11/6/18,lite,.99900001,.001,Solid D,1,0,0
2018,House,TX-17,11/6/18,lite,.02142,.97858,Safe R,0,1,0
2018,House,TX-18,11/6/18,lite,1,0,Solid D,1,0,0
2018,House,TX-19,11/6/18,lite,0,1,Safe R,0,1,0
2018,House,TX-2,11/6/18,lite,.21998,.78002,Likely R,0,1,0
2018,House,TX-20,11/6/18,lite,.99997997,.000019999999,Solid D,1,0,0
2018,House,TX-21,11/6/18,lite,.22504,.77495998,Likely R,0,1,0
2018,House,TX-22,11/6/18,lite,.026699999,.97329998,Safe R,0,1,0
2018,House,TX-23,11/6/18,lite,.040380001,.95962,Safe R,0,1,0
2018,House,TX-24,11/6/18,lite,.039560001,.96043998,Safe R,0,1,0
2018,House,TX-25,11/6/18,lite,.01794,.98206002,Safe R,0,1,0
2018,House,TX-26,11/6/18,lite,.00152,.99848002,Safe R,0,1,0
2018,House,TX-27,11/6/18,lite,.0037199999,.99628001,Safe R,0,1,0
2018,House,TX-28,11/6/18,lite,.99992001,.000079999998,Solid D,1,0,0
2018,House,TX-29,11/6/18,lite,.99927998,.00072000001,Solid D,1,0,0
2018,House,TX-3,11/6/18,lite,.068839997,.93115997,Likely R,0,1,0
2018,House,TX-30,11/6/18,lite,.99997997,.000019999999,Solid D,1,0,0
2018,House,TX-31,11/6/18,lite,.02788,.97211999,Safe R,0,1,0
2018,House,TX-32,11/6/18,lite,.64223999,.35776001,Lean D,1,0,0
2018,House,TX-33,11/6/18,lite,.99996001,.000039999999,Solid D,1,0,0
2018,House,TX-34,11/6/18,lite,.99754,.0024600001,Solid D,1,0,0
2018,House,TX-35,11/6/18,lite,.99970001,.00030000001,Solid D,1,0,0
2018,House,TX-36,11/6/18,lite,.000019999999,.99997997,Safe R,0,1,0
2018,House,TX-4,11/6/18,lite,.000099999997,.99989998,Safe R,0,1,0
2018,House,TX-5,11/6/18,lite,.0066200001,.99338001,Safe R,0,1,0
2018,House,TX-6,11/6/18,lite,.15821999,.84178001,Likely R,0,1,0
2018,House,TX-7,11/6/18,lite,.40952,.59048003,Tossup (Tilt R),1,0,0
2018,House,TX-8,11/6/18,lite,0,1,Safe R,0,1,0
2018,House,TX-9,11/6/18,lite,1,0,Solid D,1,0,0
2018,House,UT-1,11/6/18,lite,.0040199999,.99598002,Safe R,0,1,0
2018,House,UT-2,11/6/18,lite,.02782,.97218001,Safe R,0,1,0
2018,House,UT-3,11/6/18,lite,.00416,.99584001,Safe R,0,1,0
2018,House,UT-4,11/6/18,lite,.62738001,.37261999,Lean D,1,0,0
2018,House,VA-1,11/6/18,lite,.076899998,.92309999,Likely R,0,1,0
2018,House,VA-10,11/6/18,lite,.86180001,.1382,Likely D,1,0,0
2018,House,VA-11,11/6/18,lite,1,0,Solid D,1,0,0
2018,House,VA-2,11/6/18,lite,.29412001,.70587999,Lean R,1,0,0
2018,House,VA-3,11/6/18,lite,1,0,Solid D,1,0,0
2018,House,VA-4,11/6/18,lite,.99956,.00044,Solid D,1,0,0
2018,House,VA-5,11/6/18,lite,.51447999,.48552001,Tossup (Tilt D),0,1,0
2018,House,VA-6,11/6/18,lite,.046780001,.95322001,Safe R,0,1,0
2018,House,VA-7,11/6/18,lite,.44330001,.55669999,Tossup (Tilt R),1,0,0
2018,House,VA-8,11/6/18,lite,1,0,Solid D,1,0,0
2018,House,VA-9,11/6/18,lite,.032559998,.96744001,Safe R,0,1,0
2018,House,VT-1,11/6/18,lite,.99996001,.000039999999,Solid D,1,0,0
2018,House,WA-1,11/6/18,lite,.99892002,.00108,Solid D,1,0,0
2018,House,WA-10,11/6/18,lite,.99732,.0026799999,Solid D,1,0,0
2018,House,WA-2,11/6/18,lite,.99989998,.000099999997,Solid D,1,0,0
2018,House,WA-3,11/6/18,lite,.24428,.75572002,Likely R,0,1,0
2018,House,WA-4,11/6/18,lite,.0068600001,.99313998,Safe R,0,1,0
2018,House,WA-5,11/6/18,lite,.17194,.82805997,Likely R,0,1,0
2018,House,WA-6,11/6/18,lite,.99817997,.00182,Solid D,1,0,0
2018,House,WA-7,11/6/18,lite,1,0,Solid D,1,0,0
2018,House,WA-8,11/6/18,lite,.52323997,.47676,Tossup (Tilt D),1,0,0
2018,House,WA-9,11/6/18,lite,1,0,Solid D,1,0,0
2018,House,WI-1,11/6/18,lite,.42886001,.57113999,Tossup (Tilt R),0,1,0
2018,House,WI-2,11/6/18,lite,1,0,Solid D,1,0,0
2018,House,WI-3,11/6/18,lite,.98360002,.0164,Solid D,1,0,0
2018,House,WI-4,11/6/18,lite,1,0,Solid D,1,0,0
2018,House,WI-5,11/6/18,lite,.02118,.97882003,Safe R,0,1,0
2018,House,WI-6,11/6/18,lite,.022399999,.97759998,Safe R,0,1,0
2018,House,WI-7,11/6/18,lite,.06182,.93818003,Likely R,0,1,0
2018,House,WI-8,11/6/18,lite,.085340001,.91465998,Likely R,0,1,0
2018,House,WV-1,11/6/18,lite,.0069200001,.99308002,Safe R,0,1,0
2018,House,WV-2,11/6/18,lite,.1152,.88480002,Likely R,0,1,0
2018,House,WV-3,11/6/18,lite,.27965999,.72034001,Lean R,0,1,0
2018,House,WY-1,11/6/18,lite,.00134,.99866003,Safe R,0,1,0
2018,Senate,AZ-S1,11/6/18,lite,.62996,.37004,Lean D,1,0,0
2018,Senate,CA-S1,11/6/18,lite,1,0,Solid D,1,0,0
2018,Senate,CT-S1,11/6/18,lite,.99773997,.00226,Solid D,1,0,0
2018,Senate,DE-S1,11/6/18,lite,.99356002,.0064400001,Solid D,1,0,0
2018,Senate,FL-S1,11/6/18,lite,.72166002,.27834001,Lean D,0,1,0
2018,Senate,HI-S1,11/6/18,lite,.99978,.00022,Solid D,1,0,0
2018,Senate,IN-S1,11/6/18,lite,.70990002,.29010001,Lean D,0,1,0
2018,Senate,MA-S1,11/6/18,lite,.99739999,.0026,Solid D,1,0,0
2018,Senate,MD-S1,11/6/18,lite,.99910003,.00089999998,Solid D,1,0,0
2018,Senate,ME-S1,11/6/18,lite,.98128003,.018719999,Solid D,1,0,0
2018,Senate,MI-S1,11/6/18,lite,.96968001,.03032,Solid D,1,0,0
2018,Senate,MN-S1,11/6/18,lite,.99754,.0024600001,Solid D,1,0,0
2018,Senate,MN-S2,11/6/18,lite,.91071999,.089280002,Likely D,1,0,0
2018,Senate,MO-S1,11/6/18,lite,.53486001,.46514001,Tossup (Tilt D),0,1,0
2018,Senate,MS-S1,11/6/18,lite,.03492,.96508002,Safe R,0,1,0
2018,Senate,MS-S2,11/6/18,lite,.31646001,.68353999,Lean R,0,1,0
2018,Senate,MT-S1,11/6/18,lite,.71366,.28634,Lean D,1,0,0
2018,Senate,ND-S1,11/6/18,lite,.10812,.89186001,Likely R,0,1,0
2018,Senate,NE-S1,11/6/18,lite,.058200002,.9418,Likely R,0,1,0
2018,Senate,NJ-S1,11/6/18,lite,.94191998,.058079999,Likely D,1,0,0
2018,Senate,NM-S1,11/6/18,lite,.99541998,.0045799999,Solid D,1,0,0
2018,Senate,NV-S1,11/6/18,lite,.56772,.43228,Tossup (Tilt D),1,0,0
2018,Senate,NY-S1,11/6/18,lite,.99934,.00066000002,Solid D,1,0,0
2018,Senate,OH-S1,11/6/18,lite,.97571999,.02428,Solid D,1,0,0
2018,Senate,PA-S1,11/6/18,lite,.97109997,.028899999,Solid D,1,0,0
2018,Senate,RI-S1,11/6/18,lite,.99449998,.0055,Solid D,1,0,0
2018,Senate,TN-S1,11/6/18,lite,.20452,.79548001,Likely R,0,1,0
2018,Senate,TX-S1,11/6/18,lite,.18762,.81238002,Likely R,0,1,0
2018,Senate,UT-S1,11/6/18,lite,.0086000003,.9914,Safe R,0,1,0
2018,Senate,VA-S1,11/6/18,lite,.97394001,.02606,Solid D,1,0,0
2018,Senate,VT-S1,11/6/18,lite,.99985999,.00014,Solid D,1,0,0
2018,Senate,WA-S1,11/6/18,lite,.97430003,.025699999,Solid D,1,0,0
2018,Senate,WI-S1,11/6/18,lite,.97846001,.021539999,Solid D,1,0,0
2018,Senate,WV-S1,11/6/18,lite,.85758001,.14241999,Likely D,1,0,0
2018,Senate,WY-S1,11/6/18,lite,.00156,.99844003,Safe R,0,1,0
